"nflId","PositionAbbr","gameId","playId","x_coords","y_coords","event","data.ball_handler","data.qtr","data.game_clock","data.play_clock","data.real_time","frameId","team","play_type","epa","air_epa","wpa","air_wpa","vegas_wpa","air_yards","qb_hit","sack","complete_pass","pass_forward_relevant_frame","passing_angle"
2561036,"QB","2020_04_DEN_NYJ",76,-4.987178548177,3.40930684407547,"ball_snap","QB Sam Darnold","1st","14:40","40",1601598214.35562,64,"home","pass",1.43442060472444,1.43442060472444,0.0361005067825317,0.0361005067825317,0.0566917061805725,10,0,0,1,21,130.601294645005
2561036,"QB","2020_04_DEN_NYJ",121,-1.116320862433,-2.57530721028653,"ball_snap","QB Sam Darnold","1st","13:29","40",1601598284.47907,94,"home","pass",-0.500984800513834,0.65279507311061,-0.0180367827415466,0,-0.0183600783348083,10,0,0,0,25,66.8014094863511
2561036,"QB","2020_04_DEN_NYJ",143,-4.98718058268241,-2.57530721028653,"ball_snap","","1st","13:26","40",1601598474.80518,88,"home","pass",-0.0993214868940413,-0.828869998222217,-0.00639784336090088,0,-0.00308102369308472,1,0,0,1,30,135
2561036,"QB","2020_04_DEN_NYJ",192,-0.997435897435899,-2.57530721028653,"ball_snap","QB Sam Darnold","1st","12:16","40",1601598544.17946,91,"home","pass",-0.512820251984522,0.970161432400346,-0.0179151296615601,0,-0.0192961692810059,16,0,0,0,30,90
2562718,"QB","2020_04_DEN_NYJ",370,-4.9871830866886,2.57530721028653,"ball_snap","QB Brett Rypien","1st","9:19","40",1601599064.85781,98,"away","pass",-0.625226835720241,-0.835234692785889,-0.0100951492786407,0,-0.0163171887397766,0,0,0,1,21,18.434948822922
2562718,"QB","2020_04_DEN_NYJ",482,-4.9871788611778,2.57530721028653,"ball_snap","","1st","7:50","40",1601599266.25702,92,"away","pass",2.31655342213344,2.31655342213344,0.0659110844135284,0.0659110844135284,0.0739893019199371,21,0,0,1,20,135.000000000003
2562718,"QB","2020_04_DEN_NYJ",527,-5.0778557695154,-3.40930684407547,"ball_snap","QB Brett Rypien","1st","6:40","40",1601599343.55553,92,"away","pass",0.345051432435866,-1.27585790585726,-0.00487339496612549,0,0.00116953253746033,-5,1,0,1,15,90
2562718,"QB","2020_04_DEN_NYJ",574,-5.0849077249927,-3.40930684407547,"ball_snap","QB Brett Rypien","1st","5:27","40",1601599439.5507,92,"away","pass",-1.10708977225653,-1.08417561138049,-0.0316168367862701,0,-0.03130704164505,-1,0,0,1,16,90
2561036,"QB","2020_04_DEN_NYJ",657,-4.9871791741789,-2.57530721028653,"ball_snap","QB Sam Darnold","1st","4:20","40",1601599712.77067,87,"home","pass",-0.119185689371079,-0.135105363558978,-0.017111599445343,0,-0.00122183561325073,2,0,0,1,11,90
2561036,"QB","2020_04_DEN_NYJ",686,-4.9871798393055,-2.57530721028653,"ball_snap","","1st","3:47","40",1601599745.85741,84,"home","pass",1.90007232734933,1.90007232734933,0.0628539323806763,0.0628539323806763,0.0531455278396606,9,0,0,1,36,26.5650511770778
2561036,"QB","2020_04_DEN_NYJ",716,-4.9871818346855,3.40930684407547,"ball_snap","","1st","3:05","40",1601599787.74211,87,"home","pass",0.0739465337246656,0.0739465337246656,-0.00237125158309937,-0.00237125158309937,0.00226932764053345,5,0,0,1,14,71.5650511770797
2561036,"QB","2020_04_DEN_NYJ",745,-1.1687146759625,3.40930684407547,"ball_snap","QB Sam Darnold","1st","2:37","40",1601599820.62792,85,"home","pass",1.34847214701585,1.13670052005909,0.0456632971763611,0,0.0369395613670349,14,0,0,1,31,63.4349488229212
382,"QB","2020_04_DEN_NYJ",873,-4.98717995668071,3.40930684407547,"ball_snap","","1st",":11","12",1601600040.81227,86,"home","pass",-0.685255188960582,-0.570633276831359,-0.0128002762794495,0,-0.0255211591720581,3,0,0,1,26,45.0000000000057
2562718,"QB","2020_04_DEN_NYJ",996,-4.9871798784305,-2.57530721028653,"ball_snap","QB Brett Rypien","2","14:08","40",1601600422.68446,95,"away","pass",0.141356577398255,-0.302573401946574,0.00161471962928772,0,0.00912055373191833,5,0,0,1,26,0
2562718,"QB","2020_04_DEN_NYJ",1065,-2.1067055868937,3.40930684407547,"ball_snap","QB Brett Rypien","2","13:15","40",1601600550.84376,86,"away","pass",4.43301175604574,3.06923459249083,0.136053799834224,0,0.141964554025692,44,0,0,1,25,90
382,"QB","2020_04_DEN_NYJ",1142,-4.9871779221755,2.57530721028653,"ball_snap","","2","12:33","40",1601600855.9936,81,"home","pass",-0.26215692749247,-0.26215692749247,-0.00525832176208496,-0.00525832176208496,-0.00792610645294189,5,0,0,1,16,33.6900675259791
2561036,"QB","2020_04_DEN_NYJ",1283,-4.9871805826823,2.57530721028653,"ball_snap","QB Sam Darnold","2","11:03","40",1601601480.39045,79,"home","pass",-0.286398330237716,-0.509594750823453,-0.0134067237377167,0,-0.00896048545837402,1,0,0,1,11,90
2561036,"QB","2020_04_DEN_NYJ",1425,-4.987180895683,-3.40930684407547,"ball_snap","QB Sam Darnold","2","8:35","40",1601601640.06586,85,"home","pass",-0.397481353604235,3.18206024251413,-0.016722559928894,0,-0.0217944383621216,31,0,0,0,30,116.565051177077
2561036,"QB","2020_04_DEN_NYJ",1468,-4.98717901767809,2.57530721028653,"ball_snap","QB Sam Darnold","2","7:50","40",1601601722.12276,101,"home","pass",-1.14302976522595,1.93195268261479,-0.049454540014267,0,-0.0385850667953491,17,0,0,0,23,50.1944289077353
2562718,"QB","2020_04_DEN_NYJ",1713,-4.9871785873024,3.40930684407547,"ball_snap","QB Brett Rypien","2","5:33","40",1601602507.61135,93,"away","pass",3.59920083318138,3.42074981878977,0.144267827272415,0,0.119875073432922,35,0,0,1,22,119.744881296942
2562718,"QB","2020_04_DEN_NYJ",1790,-4.9871808174329,-2.57530721028653,"ball_snap","QB Brett Rypien","2","3:42","40",1601602658.03708,98,"away","pass",0.690732705872506,-0.308682071627118,0.0244842171669006,0,0.0336803197860718,4,0,0,1,11,158.198590513649
2562718,"QB","2020_04_DEN_NYJ",1814,-5.4989949307148,-2.57530721028653,"ball_snap","QB Brett Rypien","2","3:01","40",1601602706.85481,102,"away","pass",1.43085924582556,1.44357745710295,0.0448741912841797,0,0.0675839781761169,8,0,0,1,12,135
2561036,"QB","2020_04_DEN_NYJ",2044,-4.9871779221755,2.57530721028653,"ball_snap","","2","1:35","40",1601603405.37931,85,"home","pass",-0.276365725439973,0.168807633570395,-0.0156081020832062,0,-0.0104538202285767,7,0,0,0,34,90
2561036,"QB","2020_04_DEN_NYJ",2095,-5.00229403978179,2.57530721028653,"ball_snap","QB Sam Darnold","2","1:23","40",1601603485.54504,88,"home","pass",-0.461800614779349,2.11373331284267,-0.0169432461261749,0,-0.0182396769523621,33,0,0,0,22,NA
2561036,"QB","2020_04_DEN_NYJ",2117,-5.5735531395688,2.57530721028653,"ball_snap","QB Sam Darnold","2","1:17","40",1601603527.11511,91,"home","pass",-0.171915414510295,-0.21418894699309,-0.00459697842597961,0,-0.00752580165863037,3,0,0,1,10,21.8014094863519
2561036,"QB","2020_04_DEN_NYJ",2146,-4.9871788611778,2.57530721028653,"ball_snap","QB Sam Darnold","2","1:14","40",1601603565.28613,85,"home","pass",1.2735959556303,1.2735959556303,0.0369918346405029,0.0369918346405029,0.0750587284564972,10,0,0,1,27,144.462322208026
2561036,"QB","2020_04_DEN_NYJ",2170,-4.9871776874248,-3.40930684407547,"ball_snap","QB Sam Darnold","2",":54","40",1601603585.37252,86,"home","pass",-0.125962229270954,-0.125962229270954,0.0089646577835083,0.0089646577835083,-0.00680756568908691,3,0,0,1,16,130.601294645004
2561036,"QB","2020_04_DEN_NYJ",2194,-3.9897449982471,-3.40930684407547,"ball_snap","QB Sam Darnold","2",":37","40",1601603602.17363,84,"home","pass",0.97829658491537,0.00137883028946817,0.0156179070472717,0,0.0280678868293762,2,0,0,1,13,4.76364169072669
2561036,"QB","2020_04_DEN_NYJ",2225,-4.9871790959285,2.57530721028653,"ball_snap","","2",":32","40",1601603710.17559,76,"home","pass",-0.321492207236588,1.73683210037416,-0.0154173672199249,-0.0205650627613068,-0.0202060341835022,19,0,0,0,28,45.0000000000015
2561036,"QB","2020_04_DEN_NYJ",2253,-7.979488666241,1.57787068684903,"ball_snap","QB Sam Darnold","2",":24","40",1601603751.54682,71,"home","pass",-0.650840109155979,3.45526136335684,-0.0414262413978577,-0.0201524794101715,-0.0235393941402435,20,0,0,0,3,155.556045219584
2561036,"QB","2020_04_DEN_NYJ",2295,-4.9871790959285,2.57530721028653,"ball_snap","QB Sam Darnold","2",":21","40",1601603835.38637,86,"home","pass",-0.269088504600373,2.0762261163909,-0.0379169285297394,0,-0.0506294667720795,19,0,0,0,22,47.1210963966613
2562718,"QB","2020_04_DEN_NYJ",2442,-5.98461507161461,-0.416999816894467,"ball_snap","QB Brett Rypien","3","14:17","40",1601604925.06671,85,"away","pass",-0.193242756184191,-0.313050738535821,0.00308531522750854,0,0.0119978785514832,2,0,0,1,17,153.434948822922
2562718,"QB","2020_04_DEN_NYJ",2466,-5.40529462670591,-3.40930684407547,"ball_snap","","3","13:36","40",1601604971.05332,85,"away","pass",-1.40052157035097,-1.35070151602849,-0.0423814058303833,0,-0.0391426086425781,1,0,0,0,21,116.565051177077
2561036,"QB","2020_04_DEN_NYJ",2638,-4.98718042618201,-2.57530721028653,"ball_snap","","3","11:29","40",1601605270.78425,85,"home","pass",-1.61919056046081,2.61789198638871,-0.0615595281124115,0,-0.041466236114502,14,0,0,0,8,149.743562836471
2562718,"QB","2020_04_DEN_NYJ",2694,-3.98974202473961,2.57530721028653,"ball_snap","QB Brett Rypien","3","11:21","40",1601605535.25026,91,"away","pass",-0.590904837474227,0.22294059721753,-0.018235445022583,0,-0.0148614645004272,6,0,0,0,22,90
2562718,"QB","2020_04_DEN_NYJ",2754,-4.987184338692,2.57530721028653,"ball_snap","","3","10:27","40",1601605682.88916,86,"away","pass",1.54817584482953,1.19196735159494,0.0503606796264648,0,0.0553816556930542,4,0,0,1,22,90
2562718,"QB","2020_04_DEN_NYJ",2820,-4.987176983173,2.57530721028653,"ball_snap","QB Brett Rypien","3","8:26","40",1601605802.98544,98,"away","pass",0.21007525047753,-0.505334711400792,0.0102499723434448,0,0.0181892514228821,2,0,0,1,27,119.054604099077
2562718,"QB","2020_04_DEN_NYJ",2844,-5.984614836864,-3.40930684407547,"ball_snap","QB Brett Rypien","3","7:40","40",1601605849.55797,88,"away","pass",1.19571777840611,1.19571777840611,0.0357645153999329,0.0357645153999329,0.0337851643562317,13,0,0,1,27,102.528807709151
2562718,"QB","2020_04_DEN_NYJ",2889,-5.7125874766104,-3.40930684407547,"ball_snap","","3","6:07","40",1601605941.34986,100,"away","pass",-0.605924985720776,-0.0713484275038354,-0.0231710076332092,0,-0.0292744040489197,3,0,0,0,20,134.999999999994
2562718,"QB","2020_04_DEN_NYJ",2911,-4.9871790959285,-3.40930684407547,"ball_snap","QB Brett Rypien","3","6:04","40",1601605983.19574,88,"away","pass",1.66116044862429,-0.541769523581024,0.0649802088737488,0,0.0703683495521545,5,1,0,1,26,59.0362434679261
2562718,"QB","2020_04_DEN_NYJ",2978,-5.3498827776431,2.57530721028653,"ball_snap","QB Brett Rypien","3","4:33","40",1601606111.06329,95,"away","pass",3.01386400754564,3.01386400754564,0.0970937772650829,0.0970937772650829,0.0819877289919553,7,0,0,1,12,90
2561036,"QB","2020_04_DEN_NYJ",3038,-4.987180465307,3.40930684407547,"ball_snap","QB Sam Darnold","3","4:29","40",1601606391.96121,90,"home","pass",-0.559551620855927,-0.548532480373979,-0.0213098078966141,-0.0212491601705551,-0.0143563449382782,1,0,0,0,23,160.0168934781
2561036,"QB","2020_04_DEN_NYJ",3085,-4.9871805044322,3.40930684407547,"ball_snap","QB Sam Darnold","3","4:01","40",1601606449.54781,57,"home","pass",1.63505463977344,1.40317426505499,0.0396195948123932,0,0.0438622385263443,6,0,0,1,23,126.027373385104
2561036,"QB","2020_04_DEN_NYJ",3109,-4.98717995668071,-2.57530721028653,"ball_snap","QB Sam Darnold","3","3:29","40",1601606481.84125,93,"home","pass",0.574205151526257,-0.259712268598378,0.0221093446016312,0,0.0171025395393372,3,0,0,1,17,63.4349488229186
2561036,"QB","2020_04_DEN_NYJ",3175,-4.9871813651844,-2.57530721028653,"ball_snap","QB Sam Darnold","3","1:52","40",1601606578.41163,87,"home","pass",-0.827548736473545,0.868094217847101,-0.0184853821992874,0,-0.0261984020471573,8,0,0,0,30,59.0362434679273
2504775,"QB","2020_05_LAC_NO",217,-4.3474090481324,-2.41187286376947,"ball_snap","QB Drew Brees","1st","11:45","40",1602548447.1672,101,"home","pass",-1.79539517988451,-1.94526770268567,-0.0622639060020447,0,-0.0227525234222412,-6,0,0,1,26,0
2504775,"QB","2020_05_LAC_NO",241,-4.1408678317125,-3.40930684407547,"ball_snap","QB Drew Brees","1st","11:06","40",1602548486.99355,99,"home","pass",-1.55030035390519,-1.76689524459653,-0.022686243057251,0,-0.0154613852500916,-2,0,0,0,9,167.005383208083
2563921,"QB","2020_05_LAC_NO",347,-3.989743354993,3.40930684407547,"ball_snap","QB Justin Herbert","1st","9:06","40",1602548813.68723,96,"away","pass",1.38632895541377,1.38632895541377,0.0467967987060547,0.0467967987060547,0.0270259976387024,12,0,0,1,30,135
2504775,"QB","2020_05_LAC_NO",582,-4.98717917417881,0.580436706543033,"ball_snap","","1st","5:15","40",1602549421.41693,93,"home","pass",2.3591452143155,2.3591452143155,0.0712023973464966,0.0712023973464966,0.0522153377532959,14,0,0,1,32,NA
2558954,"QB","2020_05_LAC_NO",606,-4.9871805826823,-3.40930684407547,"ball_snap","","1st","4:35","40",1602549462.01307,89,"home","pass",-0.497901110444218,0.731211948208511,-0.0164921283721924,0,0.00694131851196289,9,1,0,0,42,128.659808254091
2504775,"QB","2020_05_LAC_NO",632,-4.9871805826823,-3.40930684407547,"ball_snap","","1st","4:27","40",1602549499.4605,54,"home","pass",-0.814050087472424,-0.430490928469226,-0.0310976803302765,0,-0.0242249369621277,5,0,0,0,32,45.0000000000031
2504775,"QB","2020_05_LAC_NO",654,-4.9871805826823,-3.40930684407547,"ball_snap","QB Drew Brees","1st","4:23","40",1602549538.08447,100,"home","pass",-1.60574872395955,2.05039422307163,-0.0100652575492859,0,-0.023073673248291,14,0,0,0,42,50.7105931374996
2504775,"QB","2020_05_LAC_NO",797,-1.3359591824192,0.749698230473633,"ball_snap","","1st","2:39","40",1602550084.05949,99,"home","pass",0.527454770519398,-0.312286387430504,0.020864874124527,0,-0.0019981861114502,3,0,0,1,33,38.6598082540901
2504775,"QB","2020_05_LAC_NO",846,-5.1211773615247,-2.27787381567137,"ball_snap","QB Drew Brees","1st","1:25","40",1602550158.06698,98,"home","pass",-0.140939894481562,-0.140939894481562,-0.000821322202682495,-0.000821322202682495,-0.00134211778640747,4,0,0,1,15,0
2563921,"QB","2020_05_LAC_NO",971,-4.98718042618201,-3.40930684407547,"ball_snap","","2","14:23","40",1602550510.59312,92,"away","pass",0.382845648098737,-0.029185292776674,0.00716614723205566,0,0.00840383768081665,6,0,0,1,23,126.869897645845
2563921,"QB","2020_05_LAC_NO",1091,-4.98717995668059,-3.40930684407547,"ball_snap","QB Justin Herbert","2","12:23","40",1602550747.6357,89,"away","pass",1.32792462687939,-1.39982756064273,0.0253610014915466,0,0.0272339582443237,-6,0,0,1,17,165.963756532072
2563921,"QB","2020_05_LAC_NO",1115,-0.997438401442302,2.57530721028653,"ball_snap","QB Justin Herbert","2","11:51","40",1602550787.67061,92,"away","pass",3.50966680346755,2.73178087733686,0.0912244915962219,0,0.100622564554214,44,0,0,1,32,134.999999999997
2563921,"QB","2020_05_LAC_NO",1143,-0.997435701810501,2.57530721028653,"ball_snap","","2","11:05","40",1602550833.68881,74,"away","pass",1.0713394266204,1.0713394266204,0.0519867260617745,0.0519867260617745,0.0371461915528845,4,0,0,1,33,41.987212495817
2504775,"QB","2020_05_LAC_NO",1213,-2.2789891774281,3.40930684407547,"ball_snap","QB Drew Brees","2","10:59","40",1602551109.16519,101,"home","pass",-0.579675368499011,0.449798094341531,-0.0131080448627472,0,-0.0140400230884552,10,0,0,0,49,29.7448812969422
2563921,"QB","2020_05_LAC_NO",1320,-4.98718105218339,2.57530721028653,"ball_snap","QB Justin Herbert","2","9:19","40",1602551408.00558,99,"away","pass",-0.585277454229072,-1.50676820147783,0.00470870733261108,0,0.0109986662864685,-5,0,0,1,21,165.963756532074
2563921,"QB","2020_05_LAC_NO",1404,-4.98718105218339,2.57530721028653,"ball_snap","","2","7:39","40",1602551547.08202,99,"away","pass",-0.861667711753398,-1.75505969021469,-0.0153968334197998,0,-0.0138397812843323,-3,0,0,1,21,38.6598082540908
2504775,"QB","2020_05_LAC_NO",1516,-3.9897439027443,3.40930684407547,"ball_snap","QB Drew Brees","2","6:02","40",1602551874.41386,91,"home","pass",-6.5702151755977,1.9494779871311,-0.141516000032425,0,-0.211527138948441,18,0,0,0,27,116.565051177079
2563921,"QB","2020_05_LAC_NO",1582,-4.1257583707085,-3.40930684407547,"ball_snap","QB Justin Herbert","2","4:28","40",1602552048.10073,89,"away","pass",2.35761663474841,2.35761663474841,-0.0109271356490738,-0.0109271356490738,-0.0278455036623395,3,0,0,1,20,139.398705354995
2504775,"QB","2020_05_LAC_NO",1667,-5.1816296249188,-3.37829398723563,"ball_snap","QB Drew Brees","2","3:49","40",1602552265.16345,89,"home","pass",0.539661535876803,0.480444800807163,0.00524504482746124,0,0.0127743780612946,6,0,0,1,23,90
2504775,"QB","2020_05_LAC_NO",1691,-1.99487101236991,-2.57866942537353,"ball_snap","","2","3:11","40",1602552303.66078,90,"home","pass",-0.50040261587128,-0.500380037701689,-0.0112281441688538,0,-0.0125646889209747,0,0,0,0,19,75.9637565320718
2504775,"QB","2020_05_LAC_NO",1717,-4.98718058268241,-3.57274373372403,"ball_snap","","2","3:08","40",1602552347.76921,87,"home","pass",-0.24041133094579,-0.24041133094579,-0.00573470443487167,-0.00573470443487167,-0.00388798117637634,4,0,0,1,23,32.0053832080837
2504775,"QB","2020_05_LAC_NO",1741,-4.987178078676,3.40930684407547,"ball_snap","","2","2:44","40",1602552372.32135,89,"home","pass",-1.20813619834371,-1.01340311253443,-0.0112109482288361,0,-0.0380678623914719,3,0,0,0,20,71.565051177078
2504775,"QB","2020_05_LAC_NO",1932,-5.0889368325495,-2.57530721028653,"ball_snap","","2","1:58","40",1602552802.05066,90,"home","pass",-0.504505656252149,0.0349167761160061,-0.0113047212362289,0,-0.0177751779556274,6,0,0,0,28,0
2504775,"QB","2020_05_LAC_NO",1954,-4.9871781569262,-2.57530721028653,"ball_snap","QB Drew Brees","2","1:54","40",1602552835.24495,92,"home","pass",1.1119816848659,0.0654341856134124,0.0130133032798767,0,0.00185248255729675,6,0,0,1,11,NA
2504775,"QB","2020_05_LAC_NO",1978,-4.9871795654297,-0.580436706543033,"ball_snap","","2","1:29","40",1602552859.35974,88,"home","pass",0.84734153514728,0.443368839740288,0.0251263231039047,0,0.0164654552936554,7,0,0,1,13,54.4623222080248
2504775,"QB","2020_05_LAC_NO",2006,-5.04561156278071,-0.580436706543033,"ball_snap","QB Drew Brees","2","1:06","40",1602552883.00973,93,"home","pass",0.331485072354553,0.331485072354553,0.00354708731174469,0.00354708731174469,-0.0034906268119812,6,0,0,1,17,90
2504775,"QB","2020_05_LAC_NO",2034,-4.4327204493098,-2.57530721028653,"ball_snap","QB Drew Brees","2",":43","40",1602552905.37892,98,"home","pass",0.844024545571301,1.109035548463,0.0103324055671692,0,-0.0188424587249756,13,0,0,1,26,90
2504775,"QB","2020_05_LAC_NO",2062,-4.9871754181693,2.41187286376947,"ball_snap","QB Drew Brees","2",":18","40",1602552929.49485,89,"home","pass",0.205598073342117,0.205598073342117,-0.00232832133769989,-0.00232832133769989,-0.00923049449920654,5,0,0,1,14,44.9999999999969
2504775,"QB","2020_05_LAC_NO",2143,-2.833121948716,-2.57530721028653,"ball_snap","","2",":17","40",1602553264.38441,94,"home","pass",-0.460366156010423,1.5304011356784,-0.0172990411520004,0,-0.011641800403595,1,0,0,0,13,0
2504775,"QB","2020_05_LAC_NO",2322,-5.497992114087,-0.416999816894467,"ball_snap","QB Drew Brees","3","13:49","40",1602554400.55654,88,"home","pass",1.18930867407471,-1.68347632465884,0.0204469263553619,0.00214727222919464,0.0271677374839783,1,0,0,1,7,18.4349488229216
2504775,"QB","2020_05_LAC_NO",2401,-4.9871837126903,2.58135228012553,"ball_snap","QB Drew Brees","3","11:57","40",1602554512.00931,80,"home","pass",-0.528207777999341,-1.54224407719448,0.00139178335666656,0,0.00133243203163147,-4,0,0,1,19,29.7448812969426
2563921,"QB","2020_05_LAC_NO",2561,-4.9871791741789,3.40930684407547,"ball_snap","","3","8:34","40",1602554931.511,94,"away","pass",-1.33390454435721,2.57718872255646,-0.0344686508178711,0,-0.0311179757118225,17,0,0,0,22,90
2504775,"QB","2020_05_LAC_NO",2619,-5.1413272030704,-3.40930684407547,"ball_snap","QB Drew Brees","3","8:14","40",1602555162.28659,99,"home","pass",1.05740848602727,0.90708903525956,0.0339178293943405,0,0.0574725568294525,17,0,0,1,22,90
2504775,"QB","2020_05_LAC_NO",2670,-5.12722352686651,-2.41187286376947,"ball_snap","QB Drew Brees","3","7:00","40",1602555237.25278,98,"home","pass",1.15467047085986,0.822131416294724,0.0170928686857224,0,0.00564542412757874,7,0,0,1,19,125.537677791975
2504775,"QB","2020_05_LAC_NO",2694,-4.987176983173,-1.78620813543147,"ball_snap","QB Drew Brees","3","6:28","40",1602555267.74071,91,"home","pass",-0.548052469734102,-0.0395098568405956,-0.0220307409763336,0,-0.0187557935714722,5,0,0,0,17,30.9637565320736
2504775,"QB","2020_05_LAC_NO",2743,-4.987176983173,-3.40930684407547,"ball_snap","QB Drew Brees","3","5:43","40",1602555349.5134,92,"home","pass",-1.0074018266744,-1.44856330053881,-0.00679889321327209,0,-0.00463724136352539,4,0,0,1,23,0
2563921,"QB","2020_05_LAC_NO",2896,-4.9871812869342,-2.57530721028653,"ball_snap","","3","3:13","40",1602555764.69876,92,"away","pass",0.587401239434257,0.587401239434257,0.00330847501754761,0.00330847501754761,0.00936287641525269,7,0,0,1,24,144.462322208025
2563921,"QB","2020_05_LAC_NO",2976,-4.9871813651844,-3.57274373372403,"ball_snap","","3","1:40","40",1602556035.17592,79,"away","pass",-0.985423506470397,-1.30681769317016,-0.0238762497901917,0,-0.0259687304496765,-4,1,0,0,35,167.905242922988
2504775,"QB","2020_05_LAC_NO",3076,-4.98718230418669,1.57787068684903,"ball_snap","QB Drew Brees","3",":46","40",1602556229.32073,94,"home","pass",0.232515146024525,-0.184498189017177,0.00258642435073853,0,-0.0168932676315308,2,0,0,1,31,24.7751405688316
2504775,"QB","2020_05_LAC_NO",3100,-3.7701057392585,3.46292496498183,"ball_snap","QB Drew Brees","3",":02","40",1602556271.90494,101,"home","pass",1.01741194026545,1.01741194026545,0.0365287661552429,0.0365287661552429,0.0314468145370483,15,0,0,1,17,NA
2504775,"QB","2020_05_LAC_NO",3143,-2.1532435510295,3.40709860959037,"ball_snap","","4","15:00","19",1602556440.84826,19,"home","pass",0.704500111052766,-0.857608244055882,0.00729620456695557,0,0.0127129554748535,-1,0,0,1,85,173.65980825409
2504775,"QB","2020_05_LAC_NO",3233,-4.98717995668071,-2.57530721028653,"ball_snap","","4","13:42","40",1602556576.30848,77,"home","pass",0.892513536848128,0.892513536848128,0.0251182913780212,0.0251182913780212,0.0423307120800018,15,1,0,1,26,41.6335393365705
2504775,"QB","2020_05_LAC_NO",3669,-5.3307410585235,1.41443634033197,"ball_snap","QB Drew Brees","4","6:29","40",1602557616.41953,74,"home","pass",-0.701196174835786,1.14310868876055,-0.0443771779537201,0,-0.0475106239318848,8,0,0,0,39,26.565051177078
2504775,"QB","2020_05_LAC_NO",3691,-5.179614697871,0.416999816894467,"ball_snap","QB Drew Brees","4","6:24","40",1602557661.32971,83,"home","pass",-1.02059839456342,-0.972258718451485,-0.0340259969234467,0,-0.0490685105323792,2,1,0,1,16,139.398705354995
2563921,"QB","2020_05_LAC_NO",3738,-2.06741106793599,2.57530721028653,"ball_snap","QB Justin Herbert","4","5:39","40",1602557752.66516,87,"away","pass",1.08141670213081,-1.28864243417047,0.0297255218029022,0,0.0381346940994263,-5,0,0,1,19,11.3099324740214
2563921,"QB","2020_05_LAC_NO",3808,-4.98718120868399,-3.40930684407547,"ball_snap","QB Justin Herbert","4","3:47","40",1602557864.60727,82,"away","pass",6.19639493152499,3.27807156875497,0.420494790484706,0,0.398282620715443,37,0,0,1,13,129.805571092266
2504775,"QB","2020_05_LAC_NO",3875,-8.9760034758265,-3.76743144025703,"ball_snap","WR Emmanuel Sanders","4","3:29","40",1602558060.17203,3,"home","pass",-0.244881218997762,-0.658472736016847,-0.0273629054427147,0,-0.0118266344070435,1,0,0,1,3,NA
2504775,"QB","2020_05_LAC_NO",3927,-5.0990137487023,3.40930684407547,"ball_snap","QB Drew Brees","4","2:19","40",1602558130.44421,59,"home","pass",0.586517308373004,0.218083778629079,0.014429435133934,0,0.029963806271553,7,0,0,1,24,146.30993247402
2504775,"QB","2020_05_LAC_NO",4009,-3.0043965799825,-2.57530721028653,"ball_snap","QB Drew Brees","4","1:51","40",1602558345.07422,11,"home","pass",1.97609145817114,1.55045940296259,0.0784585028886795,0,0.0885825008153915,22,0,0,1,24,126.869897645843
2504775,"QB","2020_05_LAC_NO",4045,-1.994871481871,-2.57530721028653,"ball_snap","QB Drew Brees","4","1:44","40",1602558393.60225,91,"home","pass",-0.438920178450644,2.26136980304727,-0.0256174355745316,0,-0.0342842936515808,15,0,0,0,17,116.565051177077
2504775,"QB","2020_05_LAC_NO",4078,-1.994871481871,-2.57530721028653,"ball_snap","QB Drew Brees","4","1:40","40",1602558438.98658,86,"home","pass",0.0112568230833858,0.0112568230833858,0.00268977880477905,0.00268977880477905,0.0055517852306366,6,0,0,1,24,135
2563921,"QB","2020_05_LAC_NO",4208,-5.02848715141199,2.57530721028653,"ball_snap","QB Justin Herbert","4",":39","40",1602558698.19991,97,"away","pass",0.164919585746247,-0.00773608661256731,0.01503986120224,0,-0.00394779443740845,2,0,0,1,19,63.4349488229243
2563921,"QB","2020_05_LAC_NO",4232,-4.98717479216739,2.57530721028653,"ball_snap","QB Justin Herbert","4",":23","40",1602558713.99016,94,"away","pass",0.126605816767551,-0.0706665838952176,-0.0149738788604736,0.0186352133750916,0.0481732487678528,1,0,0,1,19,90
2563921,"QB","2020_05_LAC_NO",4277,-4.98717995668059,2.57530721028653,"ball_snap","","4",":18","40",1602558766.50958,91,"away","pass",-0.178306506830268,-0.326143586426042,-0.0125758647918701,0,-0.0304126143455505,0,0,0,1,18,16.6992442339936
2563921,"QB","2020_05_LAC_NO",4310,-5.16550889093,2.57530721028653,"ball_snap","QB Justin Herbert","4",":13","40",1602558950.38586,97,"away","pass",1.50242721207906,1.50242721207906,0.236173748970032,0.236173748970032,0.151405394077301,29,0,0,1,17,36.8698976458451
2563921,"QB","2020_05_LAC_NO",4365,-4.9871815216846,2.57530721028653,"ball_snap","","4",":06","40",1602559027.82119,88,"away","pass",0.161657718862585,-0.211471875372808,-0.00449979305267334,0,0.00666767358779907,0,0,0,0,18,26.5650511770775
2504775,"QB","2020_05_LAC_NO",4472,-5.3448440065658,-2.57530721028653,"ball_snap","","5","9:51","40",1602559356.47224,96,"home","pass",0.629299359628931,0.785637998720631,0.0560432868078351,-0.0444763423874974,0.0560432868078351,9,0,0,1,25,0
2504775,"QB","2020_05_LAC_NO",4526,-4.1549735424217,-2.57530721028653,"ball_snap","","5","8:41","40",1602559435.33831,85,"home","pass",1.00601719808765,1.00601719808765,0.0986419848632067,0.0986419848632067,0.0986419848632067,11,0,0,1,26,135
2504775,"QB","2020_05_LAC_NO",4611,-0.997439966446194,-2.57530721028653,"ball_snap","QB Drew Brees","5","6:27","40",1602559568.75439,86,"home","pass",-0.473248714290094,-0.428900914208498,-0.0161827994743362,-0.169655986712314,-0.0161827994743362,0,0,0,1,31,150.255118703057
2563921,"QB","2020_05_LAC_NO",4806,-4.9871812869341,-3.40930684407547,"ball_snap","","5","4:30","40",1602560012.86536,67,"away","pass",-0.708766981959343,1.43604458053596,-0.0729718543589115,-0.157480619382113,-0.0729718543589115,14,1,0,0,19,116.565051177078
2563921,"QB","2020_05_LAC_NO",4828,-5.67631749150911,-3.40930684407547,"ball_snap","QB Justin Herbert","5","4:25","40",1602560054.55345,88,"away","pass",-1.41931086732075,1.95545563497581,-0.156443934887648,-0.113578009884804,-0.156443934887648,11,0,0,0,23,79.695153531234
2563921,"QB","2020_05_LAC_NO",4850,-4.9871812869341,-3.40930684407547,"ball_snap","QB Justin Herbert","5","4:21","40",1602560094.6624,89,"away","pass",NA,NA,-0.280566580127925,-0.280566580127925,-0.280566580127925,5,0,0,1,16,45
2560757,"QB","2020_03_KC_BAL",124,-5.9846160888672,-2.57530721028653,"ball_snap","QB Lamar Jackson","1st","12:50","40",1601338728.3724,89,"home","pass",-0.545014588162303,0.75903602107428,-0.0145832896232605,0,-0.0198540091514587,12,0,0,0,25,45
2558125,"QB","2020_03_KC_BAL",435,-3.9897448417468,2.57530721028653,"ball_snap","","1st","7:56","40",1601339363.34373,93,"away","pass",1.28484566893894,-0.143864114768803,0.061138242483139,0,0.0706987977027893,5,0,0,1,20,14.0362434679248
2558125,"QB","2020_03_KC_BAL",464,-3.9897424159905,2.57530721028653,"ball_snap","","1st","7:21","40",1601339404.07936,100,"away","pass",2.60470294230618,1.05169044499053,0.0478470921516418,0,0.0721122026443481,16,0,0,1,31,0
2558125,"QB","2020_03_KC_BAL",488,-2.9923087486855,-3.40930684407547,"ball_snap","","1st","6:49","40",1601339442.53378,43,"away","pass",-0.417957710043993,0.0452823807718232,-0.01381915807724,0,-0.0163366794586182,2,0,0,0,9,90
2558125,"QB","2020_03_KC_BAL",831,-4.9871813651843,2.57530721028653,"ball_snap","QB Patrick Mahomes","1st","1:42","40",1601340363.3331,91,"away","pass",-0.516464824322611,-0.529575788183138,-0.0135009288787842,0,-0.012992262840271,0,0,0,0,21,90
2558125,"QB","2020_03_KC_BAL",862,-4.1328114946035,2.57530721028653,"ball_snap","QB Patrick Mahomes","1st","1:38","40",1601340404.89964,88,"away","pass",1.31030971067958,-0.736104739597067,0.0230451822280884,0,0.0458340048789978,2,0,0,1,22,123.690067525981
2558125,"QB","2020_03_KC_BAL",908,-4.6551173611521,-2.74938840255997,"ball_snap","QB Patrick Mahomes","1st",":50","25",1601340493.36774,91,"away","pass",1.49603444314562,0.263943088473752,0.0162906646728516,0,0.02924644947052,7,0,0,1,15,120.256437163529
2558125,"QB","2020_03_KC_BAL",943,-3.9897450764973,-3.40930684407547,"ball_snap","QB Patrick Mahomes","1st",":27","40",1601340533.52293,57,"away","pass",-0.409551914897747,-0.4063504205551,-0.0107831358909607,0,-0.0129024386405945,0,0,0,0,22,90
2558125,"QB","2020_03_KC_BAL",1014,-4.1469111800472,-2.57530721028653,"ball_snap","","2","14:57","40",1601340789.91096,96,"away","pass",1.95391400560038,1.60745836613933,0.0486074090003967,0,0.0192809700965881,10,0,0,1,38,44.9999999999971
2558125,"QB","2020_03_KC_BAL",1038,-4.9871766701723,3.40930684407547,"ball_snap","QB Patrick Mahomes","2","14:14","40",1601340833.66026,84,"away","pass",-0.304763922118582,-0.304763922118582,-0.00709426403045654,-0.00709426403045654,-0.00589168071746826,2,1,0,1,29,34.6951535312339
2558125,"QB","2020_03_KC_BAL",1207,-4.8028043881812,3.40930684407547,"ball_snap","QB Patrick Mahomes","2","12:00","40",1601341406.59409,92,"away","pass",0.362368113361299,0.132861529476941,-0.0008392333984375,0,-0.00788867473602295,5,0,0,1,13,32.4711922908487
2558125,"QB","2020_03_KC_BAL",1231,-4.987179252429,3.40930684407547,"ball_snap","QB Patrick Mahomes","2","11:22","40",1601341444.21407,89,"away","pass",-1.38996010040864,1.34019700856879,-0.0432484745979309,0,-0.0369539260864258,6,0,0,0,16,164.054604099077
2560757,"QB","2020_03_KC_BAL",1307,-5.35995984357801,-3.40930684407547,"ball_snap","RB Mark Ingram","2","10:25","40",1601341713.12164,87,"home","pass",-0.761197739746422,1.83313921303488,-0.0176809132099152,0,-0.0154171586036682,24,0,0,0,23,80.5376777919734
2560757,"QB","2020_03_KC_BAL",1329,-5.2914497507882,-3.40930684407547,"ball_snap","QB Lamar Jackson","2","10:20","40",1601341756.06908,90,"home","pass",-1.12081854650751,-0.861445464193821,-0.0500326752662659,0,-0.0351360738277435,3,0,0,0,22,74.0546040990769
2558125,"QB","2020_03_KC_BAL",1381,-4.9871792133039,3.40930684407547,"ball_snap","QB Patrick Mahomes","2","10:04","40",1601341978.77645,87,"away","pass",1.70101434597746,0.804505445528775,0.0601860880851746,0,0.0575740933418274,14,0,0,1,22,123.690067525981
2558125,"QB","2020_03_KC_BAL",1405,-4.9871788611779,-2.57530721028653,"ball_snap","QB Patrick Mahomes","2","9:23","40",1601342020.12862,87,"away","pass",0.132659600116313,-0.166781277395785,0.00114321708679199,0,0.0291358828544617,3,0,0,1,16,90
2558125,"QB","2020_03_KC_BAL",1455,-4.2668106209518,3.40930684407547,"ball_snap","QB Patrick Mahomes","2","8:39","40",1601342103.05288,90,"away","pass",2.19227459188551,1.82368046289776,0.0402485132217407,0,0.0523136854171753,12,0,0,1,21,63.4349488229209
2558125,"QB","2020_03_KC_BAL",1479,-0.997438714442993,3.40930684407547,"ball_snap","QB Patrick Mahomes","2","7:52","40",1601342149.56095,85,"away","pass",-1.13508634234313,-1.13508634234313,-0.0230202078819275,-0.0230202078819275,-0.0291087031364441,-4,0,0,1,26,168.690067525981
2558125,"QB","2020_03_KC_BAL",1543,-0.997438088441612,-2.79998230596983,"ball_snap","","2","6:44","40",1601342249.56323,94,"away","pass",3.06024487497052,3.06024487497052,0.0550108079932659,0.0550108079932659,0.0288645124650752,20,0,0,1,27,122.005383208083
2560757,"QB","2020_03_KC_BAL",1680,-5.98461898412459,2.57530721028653,"ball_snap","QB Lamar Jackson","2","4:55","40",1601342658.54686,93,"home","pass",-0.574594686040655,1.34620829415508,-0.0159804373979568,0,-0.0178412795066833,13,0,0,0,23,90
2558125,"QB","2020_03_KC_BAL",1763,-3.9897439418695,-2.57530721028653,"ball_snap","QB Patrick Mahomes","2","3:56","40",1601342826.52228,92,"away","pass",0.488787329872139,0.488787329872139,0.0177075266838074,0.0177075266838074,0.0101172924041748,10,0,0,1,23,71.5650511770786
2558125,"QB","2020_03_KC_BAL",1901,-5.42947734565,-2.57530721028653,"ball_snap","QB Patrick Mahomes","2","1:58","40",1601343162.27514,95,"away","pass",-0.650533540640026,2.98960473015904,-0.0250193476676941,0,-0.0105381011962891,38,0,0,0,21,0
2560757,"QB","2020_03_KC_BAL",1979,-5.228980715736,0.580436706543033,"ball_snap","QB Lamar Jackson","2","1:45","40",1601343365.87389,16,"home","pass",0.3725682629738,-0.00591133278794587,-0.00255327671766281,0,0.00494177639484406,4,0,0,1,22,78.6900675259798
2560757,"QB","2020_03_KC_BAL",2003,-4.987184338692,2.57530721028653,"ball_snap","QB Lamar Jackson","2","1:28","40",1601343383.29311,85,"home","pass",0.573620290728286,0.573620290728286,0.021589457988739,0.021589457988739,0.0120267868041992,13,0,0,1,19,NA
2558125,"QB","2020_03_KC_BAL",2112,-5.14233565371249,-2.57530721028653,"ball_snap","QB Patrick Mahomes","2",":34","40",1601343546.00254,83,"away","pass",0.378323055221699,-0.217775246826932,0.00460326671600342,0,0.00635647773742676,2,0,0,1,22,118.610459665965
2558125,"QB","2020_03_KC_BAL",2154,-4.9871783134265,-2.57530721028653,"ball_snap","QB Patrick Mahomes","2",":28","40",1601343596.63117,75,"away","pass",0.0261864446802065,0.0261864446802065,-0.000651955604553223,-0.000651955604553223,-9.46521759033203e-05,5,0,0,1,29,33.690067525978
2558125,"QB","2020_03_KC_BAL",2195,-5.39421497217509,1.82147104282567,"ball_snap","","2",":20","40",1601343654.25525,85,"away","pass",-0.20244568848284,4.42013893183321,-0.00861072540283203,0,0.00198978185653687,30,0,0,0,21,71.5650511770775
2560757,"QB","2020_03_KC_BAL",2317,-4.9871837126903,2.57530721028653,"ball_snap","QB Lamar Jackson","2",":00","40",1601343891.96065,84,"home","pass",-0.0351293677231297,-0.0351293677231297,-0.00884167850017548,-0.0925724357366562,0.0206643268465996,7,0,0,0,10,107.102728969052
2558125,"QB","2020_03_KC_BAL",2380,-4.0763905297719,-3.36598395402187,"ball_snap","QB Patrick Mahomes","3","14:50","40",1601344765.78372,74,"away","pass",1.69195741647854,1.00169009715319,0.0151028037071228,0,0.0292379856109619,15,0,0,1,24,40.2363583092738
2560757,"QB","2020_03_KC_BAL",2625,-5.5702822606446,-2.57530721028653,"ball_snap","QB Lamar Jackson","3","11:44","40",1601345288.4134,93,"home","pass",1.75228239409626,1.60401918040588,0.0208727493882179,0,0.0111207216978073,6,0,0,1,34,90
2560757,"QB","2020_03_KC_BAL",2649,-5.5926931219687,-2.57530721028653,"ball_snap","QB Lamar Jackson","3","10:57","40",1601345335.4924,94,"home","pass",-0.548830545973033,1.95604634936899,-0.00974446535110474,0,-0.00746743381023407,33,0,0,0,23,90
2560757,"QB","2020_03_KC_BAL",2799,-4.987177765675,3.40930684407547,"ball_snap","QB Lamar Jackson","3","7:35","40",1601345592.73354,86,"home","pass",-0.650288745411672,2.99477228359319,-0.0296185687184334,0,-0.0118666887283325,26,0,0,0,22,119.054604099077
2558125,"QB","2020_03_KC_BAL",2902,-4.1942662616247,2.57530721028653,"ball_snap","","3","6:11","40",1601345938.28335,86,"away","pass",0.220103549771011,0.0276273731142282,0.00614172220230103,0.00593125820159912,0.00472480058670044,5,0,0,1,12,101.309932474021
2558125,"QB","2020_03_KC_BAL",2926,-4.85151250018134e-06,2.57530721028653,"ball_snap","QB Patrick Mahomes","3","5:34","40",1601345976.10435,81,"away","pass",0.686055260477588,0.686055260477588,0.0167399644851685,0.0167399644851685,0.0150518417358398,9,0,0,1,17,90
2558125,"QB","2020_03_KC_BAL",2971,-4.9871774526743,-3.40930684407547,"ball_snap","","3","4:15","40",1601346054.22935,84,"away","pass",0.666581246303394,-0.101468909299001,0.00448936223983765,0,0.0124536156654358,4,0,0,1,24,NA
2560757,"QB","2020_03_KC_BAL",3181,-4.9871798784305,-3.40930684407547,"ball_snap","QB Lamar Jackson","4","14:58","40",1601346699.45527,79,"home","pass",1.56089546345174,1.56089546345174,0.0415270635199607,0.0415270635199607,0.0647967055476431,5,0,0,1,25,80.5376777919741
2558125,"QB","2020_03_KC_BAL",3237,-5.803263853202,-2.16726499615303,"ball_snap","","4","14:52","40",1601346954.46154,86,"away","pass",0.191980644129217,-0.573597867507488,0.00393986701965332,0,0.0109795928001404,1,0,0,1,8,22.380135051959
2558125,"QB","2020_03_KC_BAL",3282,-4.9871798784305,3.40930684407547,"ball_snap","","4","13:35","40",1601347031.80761,87,"away","pass",2.24502061633393,-1.33873840700835,0.0496343970298767,0,0.05756014585495,-1,0,0,1,9,135
2558125,"QB","2020_03_KC_BAL",3327,-3.9897422594902,3.40930684407547,"ball_snap","","4","12:26","40",1601347107.1856,51,"away","pass",1.30434772279114,1.23898678063415,0.0321845412254333,0,0.0429348349571228,12,1,0,1,28,93.576334374997
2558125,"QB","2020_03_KC_BAL",3537,-4.43622564569201,2.14146517358647,"ball_snap","QB Patrick Mahomes","4","8:16","40",1601347598.60381,79,"away","pass",0.904668471921468,-0.0871132754546124,0.0239874323253153,0,0.00248667840190708,1,0,0,1,10,135.000000000003
2560757,"QB","2020_03_KC_BAL",3652,-5.1097289493682,-3.28675294612797,"ball_snap","QB Lamar Jackson","4","7:46","40",1601347989.05351,66,"home","pass",-0.417287570657209,1.5863988896017,-0.00864069163799286,0,-0.0103641748428345,26,0,0,0,24,126.869897645843
2560757,"QB","2020_03_KC_BAL",3760,-4.9891954077676,-3.40829933500447,"ball_snap","","4","6:37","40",1601348138.28404,63,"home","pass",-0.117926704639103,-0.117926704639103,0.000482581555843353,0.000482581555843353,0.000948719680309296,4,0,0,1,10,108.434948822924
2560757,"QB","2020_03_KC_BAL",3831,-6.190659612672,-0.313722660565666,"ball_snap","QB Lamar Jackson","4","4:53","40",1601348242.03759,45,"home","pass",-2.59464593895245,5.44744650495704,-0.0274167694151402,0,-0.0199866816401482,31,0,0,0,17,59.0362434679264
2558125,"QB","2020_03_KC_BAL",3929,-4.9871818346855,-2.57530721028653,"ball_snap","QB Patrick Mahomes","4","4:40","40",1601348523.63922,71,"away","pass",1.86458342970582,-0.384239545790479,0.00559604167938232,0.000635504722595215,0.00904971361160278,5,0,0,1,17,102.528807709151
2558125,"QB","2020_03_KC_BAL",4133,-0.997433549929909,-1.57787068684903,"ball_snap","QB Patrick Mahomes","4",":25","40",1601349160.6398,52,"away","pass",-1.46949983405648,1.28703494562069,-0.000385424995329231,0,-4.34861285611987e-05,8,0,0,0,23,146.30993247402
2558979,"QB","2020_04_PHI_SF",144,-5.9846149542392,3.40930684407547,"ball_snap","","1st","13:36","40",1601857566.52154,115,"home","pass",-0.619920728728175,0.582954586483538,-0.00807034969329834,0,-0.0115261673927307,8,0,0,0,20,60.2551187030579
2558979,"QB","2020_04_PHI_SF",166,-1.9948714036207,3.40930684407547,"ball_snap","QB Nick Mullens","1st","13:33","40",1601857600.85424,79,"home","pass",-0.775037468411028,1.60040753800422,-0.0254341959953308,0,-0.0161862373352051,13,0,0,0,31,50.1944289077353
2558979,"QB","2020_04_PHI_SF",188,-5.9846149542392,3.40930684407547,"ball_snap","QB Nick Mullens","1st","13:28","40",1601857641.53314,114,"home","pass",-0.265626445878297,-0.821724124252796,0.00396841764450073,0,0.0452405214309692,6,1,0,1,16,NA
2555259,"QB","2020_04_PHI_SF",307,-4.9871818346855,2.57530721028653,"ball_snap","","1st","11:31","40",1601857975.64568,106,"away","pass",1.34232316422276,1.34232316422276,0.0338939428329468,0.0338939428329468,0.0227300822734833,6,1,0,1,14,63.4349488229232
2555259,"QB","2020_04_PHI_SF",331,-1.5102604958655,2.57530721028653,"ball_snap","","1st","10:54","40",1601858012.9818,109,"away","pass",1.41461912239902,0.715850713429973,0.0572945773601532,0,0.0316595435142517,10,0,0,1,36,124.508522987668
2555259,"QB","2020_04_PHI_SF",693,-4.9871808174328,-0.416999816894467,"ball_snap","","1st","4:41","40",1601858947.33355,111,"away","pass",1.79256579722278,-0.44720285537187,0.0658599734306335,0,0.0402736365795135,1,0,0,1,20,90
2558979,"QB","2020_04_PHI_SF",768,-5.9846144456128,0.249752884681868,"ball_snap","QB Nick Mullens","1st","3:48","40",1601859285.62122,113,"home","pass",1.05849109194241,-0.55866736243479,0.0312553942203522,0,0.0292674899101257,1,0,0,1,20,33.6900675259796
2558979,"QB","2020_04_PHI_SF",792,-4.9871774526744,3.40930684407547,"ball_snap","QB Nick Mullens","1st","3:12","40",1601859322.03693,93,"home","pass",0.357141725486144,-0.977223870810121,0.00845673680305481,0,-0.00821107625961304,-3,0,0,1,21,45.0000000000015
2555259,"QB","2020_04_PHI_SF",1028,-4.9871792133039,-2.57530721028653,"ball_snap","","2","14:29","15",1601859999.08359,2,"away","pass",-1.24284024070948,1.71474649757147,-0.043424129486084,0,-0.027555525302887,8,1,0,0,132,45
2558979,"QB","2020_04_PHI_SF",1098,-1.4165628278605,-3.61886926516137,"ball_snap","QB Nick Mullens","2","13:26","40",1601860138.69711,110,"home","pass",2.17466521426104,-0.6975745591335,0.0624566674232483,0,0.0404545664787292,0,1,0,1,16,90
2558979,"QB","2020_04_PHI_SF",1178,-5.2309959737665,3.41899770100913,"ball_snap","QB Nick Mullens","2","12:16","40",1601860287.59442,110,"home","pass",-1.26198676344939,-1.43773273308761,-0.0284188389778137,0,-0.0342209339141846,-6,0,0,1,18,71.5650511770798
2555259,"QB","2020_04_PHI_SF",1225,-4.9871784308017,3.40930684407547,"ball_snap","QB Carson Wentz","2","11:25","40",1601860514.52671,110,"away","pass",0.296950473682955,-0.377985484199598,0.00622844696044922,0,-0.0107564926147461,3,0,0,1,27,NA
2555259,"QB","2020_04_PHI_SF",1274,-2.6517689378605,-2.57530721028653,"ball_snap","QB Carson Wentz","2","10:09","40",1601860590.89745,116,"away","pass",0.351881711743772,-0.888427435886115,0.0126694440841675,0,0.0124904811382294,-2,0,0,1,19,141.340191745909
2555259,"QB","2020_04_PHI_SF",1327,-5.1463681260282,3.40930684407547,"ball_snap","","2","8:47","40",1601860673.69497,116,"away","pass",-0.0366060885135084,-0.0366060885135084,0.0246017575263977,0.0246017575263977,-0.00316983461380005,4,0,0,1,16,90
2555259,"QB","2020_04_PHI_SF",1359,-4.9871787829277,3.40930684407547,"ball_snap","","2","8:10","40",1601860709.87025,108,"away","pass",0.402167140040547,0.402167140040547,-0.00979220867156982,-0.00979220867156982,-0.00376686453819275,5,0,0,1,22,143.130102354155
2558979,"QB","2020_04_PHI_SF",1470,-1.139491595644,0.580436706543033,"ball_snap","","2","6:20","40",1601861082.64795,114,"home","pass",1.4703843803145,-0.751342539675534,0.0386577844619751,0,0.0298258066177368,-1,0,0,1,22,12.9946167919166
2558979,"QB","2020_04_PHI_SF",1540,-4.98718066093249,-3.40930684407547,"ball_snap","","2","4:24","40",1601861198.67769,100,"home","pass",3.5711085551884,2.97511487849988,0.11488676071167,0,0.105792164802551,29,0,0,1,26,44.9999999999998
2555259,"QB","2020_04_PHI_SF",1615,-4.9871792133039,3.40930684407547,"ball_snap","","2","2:38","40",1601861496.26646,107,"away","pass",0.842315321206115,0.57228494528681,0.0219020843505859,0,0.0111163258552551,11,0,0,1,28,41.6335393365706
2558979,"QB","2020_04_PHI_SF",1871,-1.994870699369,-3.40930684407547,"ball_snap","","2",":56","40",1601862201.0342,105,"home","pass",0.0453492915839888,-0.197823487804271,0.0425941944122314,0,0.0623904466629028,1,0,0,1,23,153.434948822921
2558979,"QB","2020_04_PHI_SF",1895,-4.98718230418669,3.08510810004333,"ball_snap","","2",":30","40",1601862227.05128,104,"home","pass",-0.0626727241324261,-0.0203802960459143,-0.0116645097732544,0,-0.0109416842460632,3,0,0,0,38,0
2558979,"QB","2020_04_PHI_SF",1930,-4.98718230418669,2.57530721028653,"ball_snap","QB Nick Mullens","2",":26","40",1601862271.43104,107,"home","pass",-0.0659691380569711,-0.0659691380569711,0.0126884579658508,0.0126884579658508,0.0794579982757568,5,1,0,1,28,90
2558979,"QB","2020_04_PHI_SF",2093,-1.545522777258,2.84935037632183,"ball_snap","QB Nick Mullens","3","12:46","40",1601863365.89114,107,"home","pass",0.904846136923879,-0.322789471596479,0.0360328555107117,0,-0.00403618812561035,3,0,0,1,24,32.0053832080838
2558979,"QB","2020_04_PHI_SF",2168,-2.367652185653,-2.41187286376947,"ball_snap","QB Nick Mullens","3","11:08","40",1601863469.79307,79,"home","pass",1.38878985086922,1.38878985086922,0.0434262752532959,0.0434262752532959,0.0457423329353333,12,0,0,1,20,90
2558979,"QB","2020_04_PHI_SF",2192,-1.2170724176675,2.57530721028653,"ball_snap","","3","10:25","40",1601863512.8535,98,"home","pass",0.527284843265079,-0.767591653508134,0.0276976823806763,0,0.0158457159996033,-1,0,0,1,26,63.4349488229232
2555259,"QB","2020_04_PHI_SF",2362,-2.200403269521,-2.57530721028653,"ball_snap","QB Carson Wentz","3","7:36","40",1601863941.79711,102,"away","pass",1.94818992866203,-0.684659288730472,0.0509232580661774,0,0.0222223550081253,1,0,0,1,16,78.6900675259787
2555259,"QB","2020_04_PHI_SF",2417,-4.9871787829277,-2.57530721028653,"ball_snap","QB Carson Wentz","3","6:59","40",1601864025.50405,88,"away","pass",0.571340112248436,-0.27783414744772,0.0118859708309174,0,0.0145954638719559,5,0,0,1,22,135
2555259,"QB","2020_04_PHI_SF",2441,-2.0371891321095,-2.59646495472303,"ball_snap","QB Carson Wentz","3","6:17","40",1601864067.68808,101,"away","pass",0.746443275362253,0.694701266940683,0.0311327278614044,0,0.030169203877449,2,0,0,1,17,135
2555259,"QB","2020_04_PHI_SF",2497,-4.9871808174329,-2.57530721028653,"ball_snap","QB Carson Wentz","3","4:48","40",1601864156.21795,96,"away","pass",-0.854742443654686,-0.160226079402491,-0.0313612222671509,0,-0.0187467038631439,4,0,0,0,21,90
2555259,"QB","2020_04_PHI_SF",2600,-4.9871802696815,-3.57274373372403,"ball_snap","QB Carson Wentz","3","3:40","40",1601864511.728,105,"away","pass",-0.268913462059572,-1.24167301668786,0.00754117965698242,0,-0.0148611217737198,-4,0,0,1,29,71.5650511770779
2555259,"QB","2020_04_PHI_SF",2719,-4.98718230418669,3.39704841074317,"ball_snap","QB Carson Wentz","3","1:03","40",1601864709.26753,106,"away","pass",-0.884066477524614,1.94606448302511,-0.045920342206955,0,-0.0322215110063553,11,0,0,0,34,107.354024636262
2558979,"QB","2020_04_PHI_SF",2800,-4.9871772961739,-2.41187286376947,"ball_snap","","3",":26","40",1601865076.97068,113,"home","pass",1.9202674892731,1.74833923438564,0.0545566082000732,0,0.0308505892753601,18,0,0,1,30,18.4349488229219
2558979,"QB","2020_04_PHI_SF",2866,-4.9871773744242,2.41187286376947,"ball_snap","QB Nick Mullens","4","14:15","40",1601865335.62575,62,"home","pass",-0.591647411230952,-0.6777866454795,-0.0224373340606689,0,-0.00766605138778687,4,0,0,1,17,90
2555259,"QB","2020_04_PHI_SF",3152,-4.9871801914313,-3.40930684407547,"ball_snap","QB Carson Wentz","4","9:16","40",1601866322.70776,102,"away","pass",-0.805096258409321,-0.0565420985221863,-0.0324541926383972,0,-0.0141622424125671,4,0,0,0,11,143.130102354158
2555259,"QB","2020_04_PHI_SF",3174,-4.9871801914313,-3.40930684407547,"ball_snap","QB Carson Wentz","4","9:13","40",1601866367.08648,106,"away","pass",-1.01497419271618,-2.30937181110494,-0.0755467116832733,0,-0.0346044301986694,-5,0,0,1,11,174.2894068625
2555259,"QB","2020_04_PHI_SF",3203,-4.987178939428,2.57530721028653,"ball_snap","QB Carson Wentz","4","8:34","40",1601866413.33565,99,"away","pass",2.87383874761872,2.66804735490587,0.162601977586746,0,0.139064937829971,6,0,0,1,18,130.601294645004
2555259,"QB","2020_04_PHI_SF",3328,-4.9871776091746,2.57530721028653,"ball_snap","","4","5:56","40",1601866679.38556,98,"away","pass",4.93295513978228,3.07209673029138,0.307370341830723,0,0.283480790769187,34,0,0,1,23,90
2558979,"QB","2020_04_PHI_SF",3395,-5.3770871385456,3.40930684407547,"ball_snap","QB Nick Mullens","4","5:46","40",1601866984.83874,49,"home","pass",-7.8899935875088,0.0752043947577477,-0.243813358327885,0,-0.311998318185726,5,0,0,0,10,41.9872124958164
2557922,"QB","2020_04_PHI_SF",3453,-5.1766766771198,-2.57530721028653,"ball_snap","","4","5:37","40",1601867171.43775,69,"home","pass",0.603371939156204,-1.17793742706999,0.0134808719158173,0,0.0202187225222588,-6,0,0,1,5,149.036243467927
2557922,"QB","2020_04_PHI_SF",3485,-5.7125863811075,3.40930684407547,"ball_snap","QB C.J. Beathard","4","5:11","40",1601867197.43764,98,"home","pass",0.321370101650245,0.231900156475604,-0.00817931443452835,0,-0.0177199020981789,4,0,0,1,11,158.198590513648
2557922,"QB","2020_04_PHI_SF",3509,-5.9254370091895,-2.57530721028653,"ball_snap","QB C.J. Beathard","4","4:45","40",1601867223.8196,70,"home","pass",0.0330327363917604,-0.126237574964762,-0.0116952173411846,0,-0.0225594267249107,4,0,0,1,15,57.5288077091513
2557922,"QB","2020_04_PHI_SF",3537,-4.98718066093249,1.41443634033197,"ball_snap","QB C.J. Beathard","4","4:26","40",1601867243.51792,20,"home","pass",1.00759213219862,1.00759213219862,0.0198669843375683,0.0198669843375683,0.00270776450634003,11,0,0,1,22,NA
2557922,"QB","2020_04_PHI_SF",3585,-4.987180895683,-2.57530721028653,"ball_snap","","4","3:37","40",1601867292.37182,84,"home","pass",-0.0660441232612357,-0.0660441232612357,-0.00764834880828857,-0.00764834880828857,0.00153752416372299,4,0,0,1,18,165.963756532073
2557922,"QB","2020_04_PHI_SF",3617,-4.98717839167671,-2.57530721028653,"ball_snap","QB C.J. Beathard","4","3:11","40",1601867318.73457,65,"home","pass",1.36353281128686,1.26550056404085,-0.00789286941289902,-0.0211041271686554,0.0124623402953148,12,1,0,1,3,90
2557922,"QB","2020_04_PHI_SF",3641,-3.430575568637,-2.57530721028653,"ball_snap","","4","2:45","40",1601867344.2315,88,"home","pass",-1.73251285543665,NA,-0.0127408765256405,NA,-0.0401977673172951,NA,1,1,0,7,138.012787504184
2557922,"QB","2020_04_PHI_SF",3738,-1.994875394381,0.416999816894467,"ball_snap","QB C.J. Beathard","4","2:15","40",1601867478.43724,54,"home","pass",-0.403026316809701,1.01669988766662,-0.00408539175987244,-0.00652402639389038,-0.0275134816765785,3,0,0,0,20,36.8698976458422
2557922,"QB","2020_04_PHI_SF",4074,-5.577580838622,-2.57530721028653,"ball_snap","","4","1:37","40",1601868369.32531,79,"home","pass",0.319225703482516,0.324702518992126,0.0867735967040062,0,0.0512174665927887,11,0,0,1,23,156.037511025423
2557922,"QB","2020_04_PHI_SF",4098,-4.9871792133039,-2.57530721028653,"ball_snap","","4","1:14","40",1601868392.83795,104,"home","pass",0.570958911150228,-0.0359543710947037,0.0244788527488708,0,0.0179844349622726,4,0,0,1,25,59.0362434679257
2557922,"QB","2020_04_PHI_SF",4122,-4.9871787046775,3.40930684407547,"ball_snap","QB C.J. Beathard","4",":56","40",1601868410.71291,63,"home","pass",-0.214648035354912,-0.0880426723160781,0.000510960817337036,0,-0.0194768458604813,4,0,0,1,18,90
2557922,"QB","2020_04_PHI_SF",4150,-4.98718066093249,3.40930684407547,"ball_snap","QB C.J. Beathard","4",":41","40",1601868426.0468,94,"home","pass",0.678612689836882,0.678612689836882,0.0599683225154877,0.0599683225154877,0.041551485657692,10,0,0,1,18,106.699244233994
2557922,"QB","2020_04_PHI_SF",4182,-4.9871794871795,1.41443634033197,"ball_snap","QB C.J. Beathard","4",":28","40",1601868509.70642,110,"home","pass",0.409708128718194,0.428356906340923,-0.0578154325485229,-0.0429892838001251,0.00667110085487366,10,0,0,1,17,63.434948822922
310,"QB","2020_04_ATL_GB",97,-4.9871754181691,0.580436706543033,"ball_snap","QB Matt Ryan","1st","13:44","40",1601946168.90096,79,"away","pass",-1.47552807535976,2.57172716781497,-0.0477256774902344,0,-0.0598472356796265,21,0,0,0,25,NA
2506363,"QB","2020_04_ATL_GB",138,-4.9871792133039,3.40930684407547,"ball_snap","QB Aaron Rodgers","1st","13:31","40",1601946256.27414,82,"home","pass",-0.529838800430298,2.09725172398612,-0.0149828195571899,0,-0.0095939040184021,33,0,0,0,20,90
2506363,"QB","2020_04_ATL_GB",171,-5.5775810342475,3.40930684407547,"ball_snap","QB Aaron Rodgers","1st","13:26","40",1601946319.15666,91,"home","pass",2.23367281490937,1.51269081630744,0.0571328401565552,0,0.0333985686302185,15,0,0,1,19,73.3007557660058
2506363,"QB","2020_04_ATL_GB",195,-4.9871801131812,3.40930684407547,"ball_snap","QB Aaron Rodgers","1st","12:48","40",1601946356.62037,86,"home","pass",0.432207044446841,-1.08869514823891,0.0525628328323364,0,0.0379065275192261,-4,0,0,1,10,90
2506363,"QB","2020_04_ATL_GB",282,-3.98973889473169,3.40930684407547,"ball_snap","QB Aaron Rodgers","1st","10:03","40",1601946522.2289,72,"home","pass",1.69287839223398,0.630980405956507,0.0393633155481083,0,-0.00481656102777328,5,0,0,1,15,0
310,"QB","2020_04_ATL_GB",338,-2.24976879674139,-3.15440704910847,"ball_snap","QB Matt Ryan","1st","9:58","40",1601946769.88384,85,"away","pass",-0.667423297651112,0.759251098614186,-0.0141442269086838,0,-0.00691790878772736,12,1,0,0,25,90
310,"QB","2020_04_ATL_GB",381,-4.9871754181691,0.580436706543033,"ball_snap","QB Matt Ryan","1st","9:16","40",1601946844.42355,84,"away","pass",-1.32683061389253,3.51253301440738,-0.0339166671037674,0,-0.0196165442466736,36,0,0,0,26,90
2506363,"QB","2020_04_ATL_GB",421,-4.9871773744242,3.40930684407547,"ball_snap","","1st","9:02","40",1601947061.57101,85,"home","pass",0.898088252870366,-1.37311992794275,0.014737606048584,0,0.0124797821044922,-6,0,0,1,21,NA
2506363,"QB","2020_04_ATL_GB",445,-4.9871819129357,3.40930684407547,"ball_snap","QB Aaron Rodgers","1st","8:15","40",1601947109.67747,86,"home","pass",1.46949234534986,1.18946779111866,0.0156707763671875,0,0.0244429111480713,25,0,0,1,31,126.869897645844
2506363,"QB","2020_04_ATL_GB",511,-3.98974061623601,-2.57530721028653,"ball_snap","","1st","6:02","40",1601947243.10662,80,"home","pass",2.33394920476712,2.10741400247207,0.0316662192344666,0,0.0148712396621704,18,0,0,1,32,90
310,"QB","2020_04_ATL_GB",635,-1.994873203376,0.571369101784533,"ball_snap","QB Matt Ryan","1st","3:12","40",1601947604.71355,87,"away","pass",0.720720771467313,-1.17478485568427,0.00336246192455292,0,0.0268011093139648,-1,0,0,1,18,175.914383220025
310,"QB","2020_04_ATL_GB",754,-3.98974265074119,2.57530721028653,"ball_snap","","1st",":34","40",1601947870.01885,60,"away","pass",-0.103581491392106,-0.103581491392106,0.00311248004436493,0.00311248004436493,-0.00624309480190277,5,0,0,1,20,90
310,"QB","2020_04_ATL_GB",797,-3.9897446069964,-2.57530721028653,"ball_snap","QB Matt Ryan","2","14:57","40",1601948085.42045,81,"away","pass",1.91259950445965,1.81554342503659,0.0333680659532547,0,0.035953015089035,11,0,0,1,20,0
310,"QB","2020_04_ATL_GB",821,-1.9948735946265,3.40930684407547,"ball_snap","QB Matt Ryan","2","14:23","40",1601948119.65138,85,"away","pass",0.953152783215046,-0.225852550705895,0.00885722041130066,0,0.0173804610967636,3,0,0,1,25,56.3099324740202
310,"QB","2020_04_ATL_GB",872,-4.69600862326701,-2.57530721028653,"ball_snap","QB Matt Ryan","2","13:47","40",1601948204.991,75,"away","pass",-0.114526047604159,-0.47593657602556,-0.00359627604484558,0,0.0111186355352402,4,0,0,1,21,151.699244233994
310,"QB","2020_04_ATL_GB",917,-4.98718019143141,1.41443634033197,"ball_snap","QB Matt Ryan","2","12:29","40",1601948283.7923,82,"away","pass",4.16596090258099,3.79303537565283,0.0947290509939194,0,0.0632260739803314,12,1,0,1,36,95.1944289077353
310,"QB","2020_04_ATL_GB",962,-4.987174635667,3.40930684407547,"ball_snap","QB Matt Ryan","2","11:02","40",1601948369.90594,83,"away","pass",-0.570609249756671,-0.699347205692902,-0.0173141658306122,0,-0.0127506703138351,-2,0,0,1,18,45.0000000000002
310,"QB","2020_04_ATL_GB",986,-4.3967788360366,-2.57530721028653,"ball_snap","","2","10:24","40",1601948408.12754,86,"away","pass",-0.0475351772038266,-0.0475351772038266,-0.00117233395576477,-0.00117233395576477,2.64793634414673e-05,9,0,0,1,18,45
310,"QB","2020_04_ATL_GB",1090,-4.98717479216769,3.40930684407547,"ball_snap","QB Matt Ryan","2","7:44","40",1601948630.36831,81,"away","pass",-1.35085656924002,2.70708527223906,-0.051650196313858,0,-0.0284231603145599,5,0,0,0,35,106.699244233994
2506363,"QB","2020_04_ATL_GB",1146,-4.9871779221755,-3.40930684407547,"ball_snap","QB Aaron Rodgers","2","7:36","40",1601948897.05565,87,"home","pass",0.926150118932128,0.724443782353774,0.0223177671432495,0,0.0242850780487061,12,0,0,1,24,70.0168934781003
2506363,"QB","2020_04_ATL_GB",1191,-4.98718066093249,-3.40930684407547,"ball_snap","QB Aaron Rodgers","2","6:16","40",1601948977.33079,55,"home","pass",0.968691872316413,-0.696664294460788,0.0207995176315308,0,-0.000257313251495361,0,0,0,1,10,168.690067525981
2506363,"QB","2020_04_ATL_GB",1215,-4.9871807391826,2.57530721028653,"ball_snap","RB Tyler Ervin","2","5:33","40",1601949018.94256,89,"home","pass",-0.464156923932023,-1.34261185361538,-0.0110183954238892,0,-0.0114835500717163,-7,0,0,0,22,134.999999999997
2506363,"QB","2020_04_ATL_GB",1237,-4.9871807391826,2.57530721028653,"ball_snap","QB Aaron Rodgers","2","5:29","40",1601949066.96908,89,"home","pass",-0.697747902711853,-0.392622395418584,-0.0281634330749512,0,-0.0129738450050354,4,0,0,0,16,90
2506363,"QB","2020_04_ATL_GB",1351,-3.9897443722455,2.57530721028653,"ball_snap","","2","3:54","40",1601949430.82177,87,"home","pass",1.4845326039358,-0.464665991661604,0.0207879543304443,0,0.0226131677627563,1,0,0,1,17,116.565051177081
2506363,"QB","2020_04_ATL_GB",1396,-5.330739939111,2.57530721028653,"ball_snap","QB Aaron Rodgers","2","2:36","40",1601949515.99045,89,"home","pass",-0.564868036308326,3.60493078036234,-0.0138008594512939,0,-0.0123693346977234,19,0,0,0,7,22.249023657212
310,"QB","2020_04_ATL_GB",1518,-4.9871792133039,3.40930684407547,"ball_snap","QB Matt Ryan","2","1:57","40",1601950034.01807,82,"away","pass",0.0212937579490244,-0.122615506639704,0.00218203663825989,0,-0.00131599605083466,3,0,0,1,17,158.962488974578
2506363,"QB","2020_04_ATL_GB",1650,-4.9871794871795,-3.40930684407547,"ball_snap","QB Aaron Rodgers","2","1:28","40",1601950461.63924,82,"home","pass",0.639121681975666,-0.241782668570522,0.00667959451675415,0,0.00810927152633667,2,0,0,1,13,150.945395900923
2506363,"QB","2020_04_ATL_GB",1679,-4.987178939428,-3.40930684407547,"ball_snap","QB Aaron Rodgers","2","1:24","40",1601950507.27597,75,"home","pass",-0.0551041983417235,-0.37320918525802,-0.000653564929962158,0,-0.00124931335449219,0,0,0,1,7,90
2506363,"QB","2020_04_ATL_GB",1741,-4.3101310392082,-3.40930684407547,"ball_snap","QB Aaron Rodgers","2","1:14","40",1601950609.02547,77,"home","pass",-0.214279485284351,-0.332144480780698,-0.0135034322738647,0,-0.00907909870147705,0,0,0,1,26,123.69006752598
2506363,"QB","2020_04_ATL_GB",1765,-4.987176983173,-3.40930684407547,"ball_snap","QB Aaron Rodgers","2","1:05","40",1601950657.0605,76,"home","pass",0.327259616635274,-1.23501425253926,0.00975567102432251,0,0.0140508413314819,-2,0,0,1,22,141.340191745911
2506363,"QB","2020_04_ATL_GB",1841,-4.9871792133038,2.57530721028653,"ball_snap","","2",":49","40",1601950780.57114,41,"home","pass",2.28291392046958,2.28291392046958,0.00431643697606199,0.00431643697606199,0.00121914271171741,8,0,0,1,32,45
310,"QB","2020_04_ATL_GB",1904,-4.025005010384,-2.57530721028653,"ball_snap","QB Matt Ryan","2",":40","40",1601951036.30137,77,"away","pass",0.227227567171212,-0.0123343055602163,-0.00256062299013138,0,-0.000444259494543076,4,0,0,1,25,71.5650511770778
310,"QB","2020_04_ATL_GB",1928,-1.40850349339416e-06,2.57530721028653,"ball_snap","QB Matt Ryan","2",":23","40",1601951052.90455,87,"away","pass",0.00413933111121878,-0.0658436141675338,0.00788102298974991,0,0.00108129531145096,3,0,0,1,11,39.8055710922654
2506363,"QB","2020_04_ATL_GB",2138,-4.9871798784305,3.40930684407547,"ball_snap","QB Aaron Rodgers","3","11:53","40",1601952182.22084,78,"home","pass",-1.0725978477858,4.91767450794578,-0.0176289677619934,0,-0.00531685352325439,48,0,0,0,25,117.897271030948
310,"QB","2020_04_ATL_GB",2178,-1.9948735163761,-3.40593521683297,"ball_snap","QB Matt Ryan","3","11:40","40",1601952385.62952,70,"away","pass",1.21779891615734,1.18748002895154,-0.00105398148298264,0,0.0036969818174839,17,0,0,1,27,44.9999999999973
310,"QB","2020_04_ATL_GB",2202,-2.1671569112853,2.51787904681583,"ball_snap","QB Matt Ryan","3","11:04","40",1601952421.66052,70,"away","pass",1.06724471913185,1.06724471913185,0.00706195086240768,0.00706195086240768,0.00366126745939255,16,1,0,1,25,111.037511025422
2506363,"QB","2020_04_ATL_GB",2440,-5.5574297450732,-3.14555879843353,"ball_snap","QB Aaron Rodgers","3","7:09","40",1601952994.39582,67,"home","pass",1.39349680219311,1.17910769605078,0.00898480415344238,0,0.0103273987770081,20,0,0,1,14,44.999999999997
310,"QB","2020_04_ATL_GB",2578,-2.3545500072844,2.45541332514603,"ball_snap","QB Matt Ryan","3","5:15","40",1601953383.98315,79,"away","pass",0.233529748860747,-1.3253906541504,5.54807484149933e-05,0,3.88361513614655e-06,-5,0,0,1,23,0
310,"QB","2020_04_ATL_GB",2651,-4.98717479216739,3.15261137991233,"ball_snap","","3","3:55","40",1601953493.84629,78,"away","pass",1.50184583757073,1.50184583757073,0.0057232491672039,0.0057232491672039,0.00347774848341942,6,0,0,1,18,170.537677791975
310,"QB","2020_04_ATL_GB",2675,-1.99487163837149,-2.41187286376947,"ball_snap","QB Matt Ryan","3","3:20","40",1601953528.96833,82,"away","pass",0.748286029789597,-0.498172314604744,-0.00337140262126923,0,0.00106849893927574,2,0,0,1,33,126.869897645845
310,"QB","2020_04_ATL_GB",2825,-1.9948732033753,-3.08589643227937,"ball_snap","QB Matt Ryan","3","1:07","40",1601953931.45317,77,"away","pass",-0.068355520372279,-0.504579821019433,-0.00741451978683472,0,-0.00176184996962547,0,0,0,1,29,20.5560452195834
2506363,"QB","2020_04_ATL_GB",3039,-5.98461773212149,3.57274373372403,"ball_snap","QB Aaron Rodgers","4","12:07","40",1601954585.26802,79,"home","pass",0.158211467089131,-0.530020487727597,0.0105395317077637,0,0.0120965838432312,1,0,0,1,2,172.874983651098
2506363,"QB","2020_04_ATL_GB",3068,-3.9897415552385,2.57530721028653,"ball_snap","QB Aaron Rodgers","4","11:30","40",1601954627.38308,81,"home","pass",0.684733017813414,-1.02298408513889,0.00782203674316406,0,0.00308996438980103,-1,0,0,1,13,165.963756532073
2506363,"QB","2020_04_ATL_GB",3142,-4.0441514448687,-3.40930684407547,"ball_snap","","4","10:03","40",1601954776.97408,76,"home","pass",0.105815849034116,-0.892984549049288,0.00597643852233887,0,0.00320607423782349,-1,0,0,1,17,75.9637565320725
2506363,"QB","2020_04_ATL_GB",3232,-4.98717901767809,-3.40930684407547,"ball_snap","QB Aaron Rodgers","4","8:06","40",1601954944.91446,73,"home","pass",-0.998170050268527,-0.998170050268527,-0.00232869386672974,-0.00232869386672974,0.000445961952209473,-3,0,0,1,25,153.434948822922
2506363,"QB","2020_04_ATL_GB",3275,-4.9871788611778,2.57530721028653,"ball_snap","QB Aaron Rodgers","4","6:38","40",1601955033.50123,68,"home","pass",0.623467320849162,-0.872428027912974,-0.00375467538833618,0,0.00540506839752197,2,0,0,1,24,90
310,"QB","2020_04_ATL_GB",3393,-4.9871812869342,-2.57530721028653,"ball_snap","QB Matt Ryan","4","5:01","40",1601955350.81909,26,"away","pass",0.685094634303823,0.685094634303823,0.000204700976610184,0.000204700976610184,-0.000905092805624008,11,0,0,1,30,44.9999999999971
310,"QB","2020_04_ATL_GB",3417,-4.9871794871795,-2.57530721028653,"ball_snap","","4","4:41","40",1601955372.05918,60,"away","pass",1.05233221384697,0.93462350970367,0.00642949715256691,0,0.00657339207828045,17,0,0,1,25,128.927543592792
310,"QB","2020_04_ATL_GB",3475,-5.0264682156223,3.40930684407547,"ball_snap","","4","4:26","40",1601955514.92686,70,"away","pass",-0.549970956228208,1.70085415069479,-0.00400573015213013,0,-0.0049007423222065,18,0,0,0,7,66.0375110254221
310,"QB","2020_04_ATL_GB",3516,-6.0296857002453,3.40930684407547,"ball_snap","QB Matt Ryan","4","3:41","40",1601955594.99934,73,"away","pass",-2.69466207845835,5.14923271018779,-0.0217996183782816,0,-0.0151711609214544,26,0,0,0,21,97.1250163489018
2506363,"QB","2020_04_ATL_GB",3614,-4.29401382647841,2.24988095061953,"ball_snap","QB Aaron Rodgers","4","3:20","40",1601955785.16212,74,"home","pass",0.685942479176447,0.427412100776564,0.000473916530609131,0,0.000539600849151611,3,0,0,1,16,44.9999999999998
310,"QB","2020_04_ATL_GB",3769,-4.9871785090518,-2.57530721028653,"ball_snap","QB Matt Ryan","4","1:44","40",1601956308.68726,86,"away","pass",0.48918779718224,0.529810022911988,-0.00128355238121003,0,-0.000570358475670218,11,0,0,1,20,63.4349488229243
310,"QB","2020_04_ATL_GB",3793,-4.9871773744242,3.40930684407547,"ball_snap","","4","1:26","40",1601956326.55625,62,"away","pass",0.929337089997716,0.99300200806465,0.000835861428640783,0,0.0007347158389166,19,0,0,1,32,45.0000000000057
310,"QB","2020_04_ATL_GB",3817,-4.9871794871795,3.40930684407547,"ball_snap","","4","1:09","40",1601956342.46136,73,"away","pass",0.276261738268659,-0.107028898550197,0.000319037120789289,0,9.72812995314598e-06,4,0,0,1,32,90
310,"QB","2020_04_ATL_GB",3841,-4.98718019143141,3.40930684407547,"ball_snap","QB Matt Ryan","4",":50","40",1601956361.47205,73,"away","pass",0.548600387701299,0.292294109531213,-0.000319037120789289,0,-2.09998106583953e-05,4,0,0,1,18,36.869897645844
310,"QB","2020_04_ATL_GB",3889,-4.98818637281769,3.40930684407547,"ball_snap","QB Matt Ryan","4",":21","40",1601956422.87954,52,"away","pass",-0.316374201327562,0.420711977116298,-0.000283106695860624,-0.000227655982598662,-8.35995888337493e-05,9,0,0,0,25,143.130102354156
310,"QB","2020_04_ATL_GB",3911,-5.44458914566339,3.40930684407547,"ball_snap","QB Matt Ryan","4",":16","40",1601956460.385,92,"away","pass",0.197740440664347,-0.285821193654556,-0.000167239573784173,-9.20156016945839e-05,-1.05127546703443e-05,4,0,0,1,31,116.565051177078
310,"QB","2020_04_ATL_GB",3940,-4.21844755823331,-2.57530721028653,"ball_snap","QB Matt Ryan","4",":08","40",1601956501.6198,82,"away","pass",-0.922920415818226,-0.93251075228909,-0.000171635998412967,0.223518516169861,-0.000135880007292144,12,0,0,0,25,140.194428907735
2532975,"QB","2020_05_MIN_SEA",418,-1.99487101236991,-2.57530721028653,"ball_snap","QB Russell Wilson","1st","7:52","40",1602463012.42384,94,"home","pass",0.802568523446098,0.802568523446098,0.0130349695682526,0.0130349695682526,0.0113434195518494,13,0,0,1,21,95.7105931375002
2532975,"QB","2020_05_MIN_SEA",489,-4.9871802696815,-2.57530721028653,"ball_snap","","1st","6:08","40",1602463127.41169,94,"home","pass",-0.277762672165409,-0.383349067298695,-0.0140089690685272,0,-0.002663254737854,1,0,0,1,16,0
2532820,"QB","2020_05_MIN_SEA",651,-1.99487523788061,-0.416999816894467,"ball_snap","QB Kirk Cousins","1st","2:31","40",1602463542.01457,90,"away","pass",0.390464527066797,-1.0555283180438,0.00846761465072632,0,-0.010009378194809,-3,0,0,1,21,63.4349488229243
2532820,"QB","2020_05_MIN_SEA",707,-1.9948747683795,-3.40930684407547,"ball_snap","QB Kirk Cousins","1st","1:25","40",1602463630.76162,97,"away","pass",-0.480206425767392,1.34210328571498,-0.0165197849273682,0,-0.0136965215206146,19,0,0,0,31,68.1985905136482
2532820,"QB","2020_05_MIN_SEA",750,-4.98718246068709,-3.40930684407547,"ball_snap","","1st",":39","40",1602463711.30161,92,"away","pass",1.64798305276781,-1.58165278797969,0.0301570892333984,0,0.0560816526412964,-4,0,0,1,27,14.0362434679282
2532820,"QB","2020_05_MIN_SEA",793,-1.9948735946265,3.40930684407547,"ball_snap","QB Kirk Cousins","2","14:58","40",1602463916.17791,91,"away","pass",0.858713986352086,0.858713986352086,0.00598645210266113,0.00598645210266113,0.00720292329788208,9,0,0,1,6,29.7448812969428
2532820,"QB","2020_05_MIN_SEA",1011,-4.0955304339217,3.40930684407547,"ball_snap","QB Kirk Cousins","2","9:20","40",1602464355.67108,93,"away","pass",0.381936786571124,-1.16550834430382,-0.00968301296234131,0,-0.00413179397583008,-4,0,0,1,27,90
2532975,"QB","2020_05_MIN_SEA",1130,-4.9871766701723,2.57530721028653,"ball_snap","","2","6:39","40",1602464755.318,90,"home","pass",-0.425376185681671,-0.425376185681671,-0.0144874900579453,-0.0144874900579453,-0.0116900503635406,3,0,0,1,13,81.8698976458432
2532975,"QB","2020_05_MIN_SEA",1154,-4.98717479216739,-3.40930684407547,"ball_snap","","2","5:57","40",1602464796.67642,92,"home","pass",-0.159402333665639,-0.159402333665639,-0.00626283884048462,-0.00626283884048462,-0.00851139426231384,12,0,0,1,27,NA
2532820,"QB","2020_05_MIN_SEA",1208,-1.9948714036207,-2.57530721028653,"ball_snap","QB Kirk Cousins","2","5:27","40",1602465003.75718,92,"away","pass",0.327583333710209,0.327583333710209,0.00925058126449585,0.00925058126449585,0.0157548785209656,7,0,0,1,19,141.34019174591
2532975,"QB","2020_05_MIN_SEA",1293,-1.9075187629754,2.93196633078833,"ball_snap","QB Russell Wilson","2","3:11","40",1602465313.93736,149,"home","pass",-0.770118554006331,-0.770118554006331,-0.0336797535419464,-0.0336797535419464,-0.0489440560340881,-6,0,0,1,16,90
2532820,"QB","2020_05_MIN_SEA",1407,-3.989742572491,-2.57530721028653,"ball_snap","QB Kirk Cousins","2","1:45","40",1602465801.47018,88,"away","pass",0.639584906748496,-0.509994901833124,0.0153697729110718,0,0.0220149159431458,-5,0,0,1,15,167.905242922988
2532820,"QB","2020_05_MIN_SEA",1457,-3.989743354993,3.40930684407547,"ball_snap","","2","1:20","40",1602465854.00722,80,"away","pass",-0.28987731563393,0.20964017661754,-0.00408220291137695,0,-0.0161566734313965,4,0,0,0,23,105.524110996754
2532820,"QB","2020_05_MIN_SEA",1479,-3.989743354993,3.40930684407547,"ball_snap","QB Kirk Cousins","2","1:17","40",1602465894.97556,91,"away","pass",0.882133600767702,0.882133600767702,0.0339522957801819,0.0339522957801819,0.0342263579368591,8,0,0,1,14,90
2532820,"QB","2020_05_MIN_SEA",1508,-3.9897428072417,-2.57530721028653,"ball_snap","QB Kirk Cousins","2","1:12","40",1602465929.38178,86,"away","pass",0.986279086442664,-0.372631377307698,0.00844770669937134,0,0.018704354763031,-1,0,0,1,22,90
2532820,"QB","2020_05_MIN_SEA",1565,-3.98974491999701,3.40930684407547,"ball_snap","","2",":47","40",1602465987.32876,87,"away","pass",0.5837238188833,0.637575856875628,0.00997185707092285,0,0.0190755128860474,7,0,0,1,16,149.036243467927
2532820,"QB","2020_05_MIN_SEA",1589,-4.00879473919629,-2.57530721028653,"ball_snap","","2",":29","40",1602466005.27524,77,"away","pass",-0.336261324002407,-0.336261324002407,-0.00833100080490112,-0.00833100080490112,-0.00166773796081543,3,0,0,1,39,0
2532820,"QB","2020_05_MIN_SEA",1630,-3.9897424942407,-2.57530721028653,"ball_snap","QB Kirk Cousins","2",":22","40",1602466187.5116,79,"away","pass",-0.307072720839642,0.596488976792898,-0.0124627947807312,0,-0.0226945281028748,11,0,0,0,24,102.094757077012
2532820,"QB","2020_05_MIN_SEA",1652,-3.9897424942407,-2.57530721028653,"ball_snap","QB Kirk Cousins","2",":19","40",1602466229.58753,73,"away","pass",-0.0531069088531306,4.73606696707429,-0.01927250623703,0,-0.0282384753227234,28,0,0,0,17,135
2532975,"QB","2020_05_MIN_SEA",1746,-4.9881880943222,2.57530721028653,"ball_snap","QB Russell Wilson","2",":00","40",1602466476.64243,91,"home","pass",-0.0508526794146746,-0.0508526794146746,-0.0237357616424561,-0.177393853664398,-0.00300268828868866,5,0,0,1,13,147.264773727892
2532820,"QB","2020_05_MIN_SEA",1912,-1.994874611879,-0.416999816894467,"ball_snap","","3","13:03","40",1602467669.08482,87,"away","pass",-1.33667436847463,-1.3278988096863,-0.0185486078262329,0,-0.0246389508247375,-6,0,0,1,31,71.5650511770798
2532820,"QB","2020_05_MIN_SEA",1952,-3.98974061623581,-3.40930684407547,"ball_snap","","3","12:30","40",1602467733.4242,90,"away","pass",-0.724015252664685,0.133618874009699,-0.015314519405365,0,-0.012728214263916,7,0,0,0,25,135.000000000023
2532975,"QB","2020_05_MIN_SEA",2094,-4.98718355618989,3.40930684407547,"ball_snap","","3","9:58","40",1602468103.91395,94,"home","pass",2.24996560643194,2.24996560643194,0.0485577192008555,0.0485577192008555,0.0510542629349097,19,0,0,1,22,NA
2532820,"QB","2020_05_MIN_SEA",2204,-3.9897464067507,2.57530721028653,"ball_snap","QB Kirk Cousins","3","9:10","40",1602468464.39734,81,"away","pass",-0.776011073961854,1.37208154564723,-0.0237637162208557,0,-0.0301468968391418,15,0,0,0,29,123.69006752598
2532820,"QB","2020_05_MIN_SEA",2226,-3.9897464067507,2.57530721028653,"ball_snap","QB Kirk Cousins","3","9:04","40",1602468504.91145,88,"away","pass",-3.68832012900384,NA,-0.106729209423065,NA,-0.111968815326691,NA,0,1,0,26,116.565051177081
2532975,"QB","2020_05_MIN_SEA",2301,-3.989744528746,-2.57530721028653,"ball_snap","","3","8:56","40",1602468774.85926,90,"home","pass",-0.400790027226321,-0.926814665377606,-0.00718510150909424,0,-0.000962674617767334,-2,0,0,1,12,90
2532975,"QB","2020_05_MIN_SEA",2325,-4.98717980018019,3.40930684407547,"ball_snap","","3","8:21","40",1602468810.57402,87,"home","pass",2.24079775769496,2.24079775769496,0.115223288716005,0.115223288716005,0.0990376781108758,13,0,0,1,23,66.8014094863523
2532820,"QB","2020_05_MIN_SEA",2381,-1.99486835186289,-3.35389384516967,"ball_snap","QB Kirk Cousins","3","8:17","40",1602468975.32904,76,"away","pass",-5.16423184971791,0.702028619125485,-0.152957081794739,0,-0.150585830211639,11,0,0,0,35,130.601294645004
2532820,"QB","2020_05_MIN_SEA",2501,-1.9948739858775,-3.40930684407547,"ball_snap","QB Kirk Cousins","3","7:38","40",1602469371.5341,66,"away","pass",-0.417835214175284,-0.57635159464553,-0.00987242162227631,0,-0.00849438458681107,1,0,0,1,25,63.4349488229214
2532820,"QB","2020_05_MIN_SEA",2525,-1.6613857550868,1.57787068684903,"ball_snap","QB Kirk Cousins","3","7:03","40",1602469406.40008,81,"away","pass",3.7348693497479,2.33674045768566,0.0497383773326874,0,0.0487171337008476,21,0,0,1,28,63.4349488229243
2532820,"QB","2020_05_MIN_SEA",2560,-1.9948724991235,2.57530721028653,"ball_snap","QB Kirk Cousins","3","6:44","40",1602469474.2259,80,"away","pass",0.724364556372166,0.724364556372166,0.0243159830570221,0.0243159830570221,0.0173242539167404,9,1,0,1,17,164.054604099078
2532820,"QB","2020_05_MIN_SEA",2615,-1.994870699369,2.57530721028653,"ball_snap","QB Kirk Cousins","3","5:42","40",1602469548.40648,82,"away","pass",-0.454298460739665,-0.262919466826133,-0.0135826766490936,0,-0.0114593207836151,2,0,0,0,24,147.528807709152
2532820,"QB","2020_05_MIN_SEA",2637,-4.9871802696815,2.57530721028653,"ball_snap","QB Kirk Cousins","3","5:38","40",1602469585.74489,83,"away","pass",1.11817317234818,1.11817317234818,0.0380107462406158,0.0380107462406158,0.00907465815544128,10,0,0,1,18,135
2532820,"QB","2020_05_MIN_SEA",2682,-1.9948727338743,2.57530721028653,"ball_snap","QB Kirk Cousins","3","4:25","40",1602469659.14921,77,"away","pass",-0.713922963710502,2.61115973454434,-0.021384671330452,0,-0.0157662332057953,17,0,0,0,29,135.000000000001
2532820,"QB","2020_05_MIN_SEA",2704,-5.1242013440728,2.71232879330413,"ball_snap","QB Kirk Cousins","3","4:20","40",1602469706.83451,84,"away","pass",2.40206862991909,2.40206862991909,0.0673873871564865,0.0673873871564865,0.0539611279964447,14,0,0,1,22,120.963756532073
2532975,"QB","2020_05_MIN_SEA",2847,-1.9948697603667,-2.57530721028653,"ball_snap","","3","2:36","40",1602470007.63273,91,"home","pass",-0.52405242738314,-0.507096524350345,-0.0113864541053772,0,-0.0120820999145508,0,0,0,1,6,0
2532975,"QB","2020_05_MIN_SEA",2921,-5.98461288060901,3.40930684407547,"ball_snap","","3",":37","40",1602470135.6962,74,"home","pass",-0.817572716623545,4.04122927575372,-0.0278418064117432,0,-0.0143830180168152,40,0,0,0,28,NA
2532975,"QB","2020_05_MIN_SEA",2943,-4.987176983173,3.40930684407547,"ball_snap","","3",":30","40",1602470182.1556,91,"home","pass",-1.79324718867429,3.85337680688826,-0.045409083366394,0,-0.0359276533126831,38,1,0,0,24,45.0000000000057
2532820,"QB","2020_05_MIN_SEA",3045,-4.4673036570872,3.40930684407547,"ball_snap","QB Kirk Cousins","3","14:13","40",1602470519.20538,95,"away","pass",1.79674326721579,1.56031920434907,0.0581903755664825,0,0.0509116947650909,8,0,0,1,18,143.130102354156
2532820,"QB","2020_05_MIN_SEA",3138,-1.9948698386169,3.40930684407547,"ball_snap","QB Kirk Cousins","4","12:15","40",1602470678.4826,91,"away","pass",0.708491614088416,0.708491614088416,0.0528440475463867,0.0528440475463867,0.0394125580787659,11,0,0,1,35,153.434948822922
2532820,"QB","2020_05_MIN_SEA",3286,-0.997438088441612,3.40930684407547,"ball_snap","QB Kirk Cousins","4","9:11","40",1602471076.16679,82,"away","pass",1.09668517491082,0.0683519564918242,0.0483440160751343,0,0.0429986119270325,6,0,0,1,20,135
2532975,"QB","2020_05_MIN_SEA",3411,-4.9871779221755,-0.416999816894467,"ball_snap","","4","7:06","40",1602471521.45073,83,"home","pass",-0.495399302570149,1.77320857334416,-0.025752916932106,0,-0.0250163078308105,29,0,0,0,24,53.7461622625552
2532975,"QB","2020_05_MIN_SEA",3466,-4.98717479216739,-0.416999816894467,"ball_snap","","4","6:55","40",1602471604.6758,88,"home","pass",0.661711691878736,0.661711691878736,0.0355469882488251,0.0355469882488251,0.0344301760196686,7,0,0,1,9,9.46232220802614
2532975,"QB","2020_05_MIN_SEA",3798,-4.98717917417881,2.57530721028653,"ball_snap","QB Russell Wilson","4","1:35","40",1602472476.407,67,"home","pass",-0.255178810795769,0.40256674028933,-0.0269416272640228,0,-0.0270313322544098,10,0,0,0,14,104.036243467928
2532975,"QB","2020_05_MIN_SEA",3864,-5.98461569761619,2.57530721028653,"ball_snap","QB Russell Wilson","4","1:19","40",1602472605.40001,87,"home","pass",2.9407091520261,2.62028543284396,0.231121480464935,-0.00489050149917603,0.281623870134354,35,0,0,1,30,63.434948822922
2532975,"QB","2020_05_MIN_SEA",3893,-4.9871801914313,2.57530721028653,"ball_snap","","4","1:11","40",1602472631.24481,6,"home","pass",-0.292815904016607,1.88211326405872,-0.0342514514923096,0,-0.0323108732700348,28,0,0,0,30,53.9726266148964
2532975,"QB","2020_05_MIN_SEA",3944,-3.9897438244941,-3.27027059227537,"ball_snap","QB Russell Wilson","4",":57","40",1602472703.94778,68,"home","pass",-0.358477416448295,0.312173931655707,-0.0376588702201843,0,-0.0310845971107483,6,1,0,0,25,19.9831065218995
2532975,"QB","2020_05_MIN_SEA",3966,-4.98717972193,-2.92267996277467,"ball_snap","QB Russell Wilson","4",":53","40",1602472746.29169,83,"home","pass",1.54558783737593,0.617234673933126,0.142320692539215,0,0.125137209892273,8,0,0,1,13,90
2532975,"QB","2020_05_MIN_SEA",3990,-3.0326085491521,-2.44474476515647,"ball_snap","","4",":29","40",1602472769.90335,80,"home","pass",-0.55016687157331,0.57038926857058,-0.0846624970436096,-0.0347300171852112,-0.0525689721107483,5,0,0,0,25,24.2277453179539
2532820,"QB","2020_05_MIN_SEA",4139,-4.3322978994136,-2.57530721028653,"ball_snap","QB Kirk Cousins","4",":12","40",1602473175.58819,74,"away","pass",0.0471579556760844,0.0044589446624741,0.00546032190322876,-0.00521156191825867,0.0103591084480286,5,0,0,1,4,9.46232220802461
