"predicted_y","frame_index","predicted_x"
-3,1,-1.28572759366149
-2.5,1,-1.07207189647534
-2,1,-0.892923991523523
-1.5,1,-0.749905491345424
-1,1,-0.642738324977248
-0.5,1,-0.572104793340492
0,1,-0.535295044070433
0.5,1,-0.537045547447026
1,1,-0.577263777606104
1.5,1,-0.663272811989426
2,1,-0.77530321125258
2.5,1,-0.909681353885323
3,1,-1.06633847098218
3.5,1,-1.24708192171619
4,1,-1.45371906526038
4.5,1,-1.6880572607878
-3,2,-1.30329761935523
-2.5,2,-1.08964192216908
-2,2,-0.91049401721726
-1.5,2,-0.767475517039161
-1,2,-0.660308350670985
-0.5,2,-0.589674819034229
0,2,-0.55286506976417
0.5,2,-0.554615573140763
1,2,-0.594833803299841
1.5,2,-0.680842837683163
2,2,-0.792873236946317
2.5,2,-0.92725137957906
3,2,-1.08390849667592
3.5,2,-1.26465194740993
4,2,-1.47128909095412
4.5,2,-1.70562728648154
-3,3,-1.32086764504896
-2.5,3,-1.10721194786281
-2,3,-0.928064042910997
-1.5,3,-0.785045542732898
-1,3,-0.677878376364722
-0.5,3,-0.607244844727966
0,3,-0.570435095457907
0.5,3,-0.5721855988345
1,3,-0.612403828993578
1.5,3,-0.6984128633769
2,3,-0.810443262640054
2.5,3,-0.944821405272797
3,3,-1.10147852236965
3.5,3,-1.28222197310366
4,3,-1.48885911664785
4.5,3,-1.72319731217527
-3,4,-1.3384376707427
-2.5,4,-1.12478197355655
-2,4,-0.945634068604734
-1.5,4,-0.802615568426635
-1,4,-0.695448402058459
-0.5,4,-0.624814870421703
0,4,-0.588005121151644
0.5,4,-0.589755624528237
1,4,-0.629973854687315
1.5,4,-0.715982889070637
2,4,-0.828013288333791
2.5,4,-0.962391430966534
3,4,-1.11904854806339
3.5,4,-1.2997919987974
4,4,-1.50642914234159
4.5,4,-1.74076733786901
-3,5,-1.35600769643644
-2.5,5,-1.14235199925029
-2,5,-0.963204094298471
-1.5,5,-0.820185594120372
-1,5,-0.713018427752196
-0.5,5,-0.64238489611544
0,5,-0.605575146845381
0.5,5,-0.607325650221974
1,5,-0.647543880381052
1.5,5,-0.733552914764374
2,5,-0.845583314027528
2.5,5,-0.979961456660271
3,5,-1.13661857375713
3.5,5,-1.31736202449114
4,5,-1.52399916803533
4.5,5,-1.75833736356275
-3,6,-1.40978944351778
-2.5,6,-1.20897712438294
-2,6,-1.04053996822683
-1.5,6,-0.905878997695887
-1,6,-0.80472103086683
-0.5,6,-0.737731760806056
0,6,-0.702784180754511
0.5,6,-0.704620325423148
1,6,-0.741779007738714
1.5,6,-0.82075370643012
2,6,-0.919958116950888
2.5,6,-1.03701543958616
3,6,-1.17230284540604
3.5,6,-1.32750853883275
4,6,-1.50432072428852
-3.5,7,-1.58752152030248
-3,7,-1.46740252814281
-2.5,7,-1.26659020900797
-2,7,-1.09815305285186
-1.5,7,-0.96349208232091
-1,7,-0.862334115491853
-0.5,7,-0.795344845431079
0,7,-0.760397265379534
0.5,7,-0.762233410048171
1,7,-0.799392092363737
1.5,7,-0.878366791055143
2,7,-0.977571201575911
2.5,7,-1.09462852421119
3,7,-1.22991593003107
3.5,7,-1.38512162345778
4,7,-1.56193380891355
-3.5,8,-1.6451346049275
-3,8,-1.52501561276783
-2.5,8,-1.32420329363299
-2,8,-1.15576613747688
-1.5,8,-1.02110516694593
-1,8,-0.919947200116876
-0.5,8,-0.852957930056102
0,8,-0.818010350004557
0.5,8,-0.819846494673194
1,8,-0.85700517698876
1.5,8,-0.935979875680166
2,8,-1.03518428620093
2.5,8,-1.15224160883621
3,8,-1.28752901465609
3.5,8,-1.4427347080828
4,8,-1.61954689353857
4.5,8,-1.81965377544563
-4,9,-1.94738177341941
-3.5,9,-1.70274768955253
-3,9,-1.58262869739285
-2.5,9,-1.38181637825801
-2,9,-1.2133792221019
-1.5,9,-1.07871825157096
-1,9,-0.977560284741899
-0.5,9,-0.910571014681125
0,9,-0.87562343462958
0.5,9,-0.877459579298217
1,9,-0.914618261613783
1.5,9,-0.993592960305189
2,9,-1.09279737082596
2.5,9,-1.20985469346123
3,9,-1.34514209928111
3.5,9,-1.50034779270782
4,9,-1.67715997816359
4.5,9,-1.87726686007065
-4.5,10,-2.27956530595558
-4,10,-2.00499485804443
-3.5,10,-1.76036077417755
-3,10,-1.64024178201788
-2.5,10,-1.43942946288304
-2,10,-1.27099230672692
-1.5,10,-1.13633133619598
-1,10,-1.03517336936692
-0.5,10,-0.968184099306149
0,10,-0.933236519254603
0.5,10,-0.935072663923241
1,10,-0.972231346238806
1.5,10,-1.05120604493021
2,10,-1.15041045545098
2.5,10,-1.26746777808626
3,10,-1.40275518390614
3.5,10,-1.55796087733285
4,10,-1.73477306278862
4.5,10,-1.93487994469568
-4.5,11,-2.3371783905806
-4,11,-2.06260794266945
-3.5,11,-1.81797385880257
-3,11,-1.6978548666429
-2.5,11,-1.49704254750806
-2,11,-1.32860539135195
-1.5,11,-1.193944420821
-1,11,-1.09278645399195
-0.5,11,-1.02579718393117
0,11,-0.990849603879627
0.5,11,-0.992685748548264
1,11,-1.02984443086383
1.5,11,-1.10881912955524
2,11,-1.208023540076
2.5,11,-1.32508086271128
3,11,-1.46036826853116
3.5,11,-1.61557396195787
4,11,-1.79238614741364
4.5,11,-1.9924930293207
5,11,-2.23945813183866
-5,12,-2.69929828716105
-4.5,12,-2.39479147520563
-4,12,-2.12022102729448
-3.5,12,-1.87558694342759
-3,12,-1.75546795126792
-2.5,12,-1.55465563213308
-2,12,-1.38621847597697
-1.5,12,-1.25155750544603
-1,12,-1.15039953861697
-0.5,12,-1.08341026855619
0,12,-1.04846268850465
0.5,12,-1.05029883317329
1,12,-1.08745751548885
1.5,12,-1.16643221418026
2,12,-1.26563662470103
2.5,12,-1.3826939473363
3,12,-1.51798135315618
3.5,12,-1.67318704658289
4,12,-1.84999923203866
4.5,12,-2.05010611394572
5,12,-2.29707121646369
-5,13,-2.75691137178607
-4.5,13,-2.45240455983065
-4,13,-2.1778341119195
-3.5,13,-1.93320002805262
-3,13,-1.81308103589294
-2.5,13,-1.6122687167581
-2,13,-1.44383156060199
-1.5,13,-1.30917059007105
-1,13,-1.20801262324199
-0.5,13,-1.14102335318122
0,13,-1.10607577312967
0.5,13,-1.10791191779831
1,13,-1.14507060011388
1.5,13,-1.22404529880528
2,13,-1.32324970932605
2.5,13,-1.44030703196132
3,13,-1.5755944377812
3.5,13,-1.73080013120791
4,13,-1.90761231666368
4.5,13,-2.10771919857075
5,13,-2.35468430108871
-5,14,-2.81452445641109
-4.5,14,-2.51001764445567
-4,14,-2.23544719654452
-3.5,14,-1.99081311267764
-3,14,-1.87069412051797
-2.5,14,-1.66988180138313
-2,14,-1.50144464522702
-1.5,14,-1.36678367469607
-1,14,-1.26562570786701
-0.5,14,-1.19863643780624
0,14,-1.1636888577547
0.5,14,-1.16552500242333
1,14,-1.2026836847389
1.5,14,-1.28165838343031
2,14,-1.38086279395107
2.5,14,-1.49792011658635
3,14,-1.63320752240623
3.5,14,-1.78841321583294
4,14,-1.96522540128871
4.5,14,-2.16533228319577
5,14,-2.41229738571373
5.5,14,-2.70651785464368
-5.5,15,-3.2065807170358
-5,15,-2.87213754103611
-4.5,15,-2.5676307290807
-4,15,-2.29306028116955
-3.5,15,-2.04842619730266
-3,15,-1.92830720514299
-2.5,15,-1.72749488600815
-2,15,-1.55905772985204
-1.5,15,-1.4243967593211
-1,15,-1.32323879249204
-0.5,15,-1.25624952243126
0,15,-1.22130194237972
0.5,15,-1.22313808704836
1,15,-1.26029676936392
1.5,15,-1.33927146805533
2,15,-1.4384758785761
2.5,15,-1.55553320121137
3,15,-1.69082060703125
3.5,15,-1.84602630045796
4,15,-2.02283848591373
4.5,15,-2.22294536782079
5,15,-2.46991047033876
5.5,15,-2.76413093926871
-5.5,16,-3.26419380166083
-5,16,-2.92975062566114
-4.5,16,-2.62524381370572
-4,16,-2.35067336579457
-3.5,16,-2.10603928192769
-3,16,-1.98592028976801
-2.5,16,-1.78510797063317
-2,16,-1.61667081447706
-1.5,16,-1.48200984394612
-1,16,-1.38085187711706
-0.5,16,-1.31386260705629
0,16,-1.27891502700474
0.5,16,-1.28075117167338
1,16,-1.31790985398895
1.5,16,-1.39688455268035
2,16,-1.49608896320112
2.5,16,-1.61314628583639
3,16,-1.74843369165627
3.5,16,-1.90363938508298
4,16,-2.08045157053875
4.5,16,-2.28055845244581
5,16,-2.52752355496378
5.5,16,-2.82174402389373
6,16,-3.14590085686795
-5.5,17,-3.32180688628585
-5,17,-2.98736371028616
-4.5,17,-2.68285689833074
-4,17,-2.40828645041959
-3.5,17,-2.16365236655271
-3,17,-2.04353337439304
-2.5,17,-1.8427210552582
-2,17,-1.67428389910209
-1.5,17,-1.53962292857114
-1,17,-1.43846496174208
-0.5,17,-1.37147569168131
0,17,-1.33652811162977
0.5,17,-1.3383642562984
1,17,-1.37552293861397
1.5,17,-1.45449763730537
2,17,-1.55370204782614
2.5,17,-1.67075937046142
3,17,-1.8060467762813
3.5,17,-1.96125246970801
4,17,-2.13806465516378
4.5,17,-2.33817153707084
5,17,-2.5851366395888
5.5,17,-2.87935710851875
6,17,-3.20351394149297
-6,18,-3.74379951095483
-5.5,18,-3.37941997091087
-5,18,-3.04497679491118
-4.5,18,-2.74046998295577
-4,18,-2.46589953504462
-3.5,18,-2.22126545117773
-3,18,-2.10114645901806
-2.5,18,-1.90033413988322
-2,18,-1.73189698372711
-1.5,18,-1.59723601319616
-1,18,-1.49607804636711
-0.5,18,-1.42908877630633
0,18,-1.39414119625479
0.5,18,-1.39597734092343
1,18,-1.43313602323899
1.5,18,-1.5121107219304
2,18,-1.61131513245117
2.5,18,-1.72837245508644
3,18,-1.86365986090632
3.5,18,-2.01886555433303
4,18,-2.1956777397888
4.5,18,-2.39578462169586
5,18,-2.64274972421383
5.5,18,-2.93697019314378
6,18,-3.261127026118
-6,19,-3.80141259557985
-5.5,19,-3.43703305553589
-5,19,-3.10258987953621
-4.5,19,-2.79808306758079
-4,19,-2.52351261966964
-3.5,19,-2.27887853580276
-3,19,-2.15875954364308
-2.5,19,-1.95794722450824
-2,19,-1.78951006835213
-1.5,19,-1.65484909782119
-1,19,-1.55369113099213
-0.5,19,-1.48670186093136
0,19,-1.45175428087981
0.5,19,-1.45359042554845
1,19,-1.49074910786401
1.5,19,-1.56972380655542
2,19,-1.66892821707619
2.5,19,-1.78598553971146
3,19,-1.92127294553134
3.5,19,-2.07647863895805
4,19,-2.25329082441382
4.5,19,-2.45339770632088
5,19,-2.70036280883885
5.5,19,-2.9945832777688
6,19,-3.31874011074302
-6.5,20,-4.2533415842931
-6,20,-3.85902568020487
-5.5,20,-3.49464614016092
-5,20,-3.16020296416123
-4.5,20,-2.85569615220581
-4,20,-2.58112570429466
-3.5,20,-2.33649162042778
-3,20,-2.21637262826811
-2.5,20,-2.01556030913327
-2,20,-1.84712315297716
-1.5,20,-1.71246218244621
-1,20,-1.61130421561715
-0.5,20,-1.54431494555638
0,20,-1.50936736550483
0.5,20,-1.51120351017347
1,20,-1.54836219248904
1.5,20,-1.62733689118044
2,20,-1.72654130170121
2.5,20,-1.84359862433649
3,20,-1.97888603015637
3.5,20,-2.13409172358308
4,20,-2.31090390903885
4.5,20,-2.51101079094591
5,20,-2.75797589346387
5.5,20,-3.05219636239382
6,20,-3.37635319536804
-6.5,21,-4.31095466891812
-6,21,-3.9166387648299
-5.5,21,-3.55225922478594
-5,21,-3.21781604878625
-4.5,21,-2.91330923683083
-4,21,-2.63873878891968
-3.5,21,-2.3941047050528
-3,21,-2.27398571289313
-2.5,21,-2.07317339375829
-2,21,-1.90473623760218
-1.5,21,-1.77007526707123
-1,21,-1.66891730024218
-0.5,21,-1.6019280301814
0,21,-1.56698045012986
0.5,21,-1.56881659479849
1,21,-1.60597527711406
1.5,21,-1.68494997580547
2,21,-1.78415438632623
2.5,21,-1.90121170896151
3,21,-2.03649911478139
3.5,21,-2.1917048082081
4,21,-2.36851699366387
4.5,21,-2.56862387557093
5,21,-2.81558897808889
5.5,21,-3.10980944701885
6,21,-3.43396627999307
-6,22,-3.97425184945492
-5.5,22,-3.60987230941096
-5,22,-3.27542913341128
-4.5,22,-2.97092232145586
-4,22,-2.69635187354471
-3.5,22,-2.45171778967783
-3,22,-2.33159879751815
-2.5,22,-2.13078647838331
-2,22,-1.9623493222272
-1.5,22,-1.82768835169626
-1,22,-1.7265303848672
-0.5,22,-1.65954111480643
0,22,-1.62459353475488
0.5,22,-1.62642967942352
1,22,-1.66358836173908
1.5,22,-1.74256306043049
2,22,-1.84176747095126
2.5,22,-1.95882479358653
3,22,-2.09411219940641
3.5,22,-2.24931789283312
4,22,-2.42613007828889
4.5,22,-2.62623696019595
5,22,-2.87320206271392
5.5,22,-3.16742253164387
6,22,-3.49157936461809
6.5,22,-3.84567256163658
-6.5,23,-4.42618083816817
-6,23,-4.03186493407994
-5.5,23,-3.66748539403599
-5,23,-3.3330422180363
-4.5,23,-3.02853540608088
-4,23,-2.75396495816973
-3.5,23,-2.50933087430285
-3,23,-2.38921188214318
-2.5,23,-2.18839956300834
-2,23,-2.01996240685222
-1.5,23,-1.88530143632128
-1,23,-1.78414346949222
-0.5,23,-1.71715419943145
0,23,-1.6822066193799
0.5,23,-1.68404276404854
1,23,-1.72120144636411
1.5,23,-1.80017614505551
2,23,-1.89938055557628
2.5,23,-2.01643787821156
3,23,-2.15172528403144
3.5,23,-2.30693097745815
4,23,-2.48374316291392
4.5,23,-2.68385004482098
5,23,-2.93081514733894
5.5,23,-3.22503561626889
6,23,-3.54919244924311
6.5,23,-3.9032856462616
-6.5,24,-4.48379392279319
-6,24,-4.08947801870497
-5.5,24,-3.72509847866101
-5,24,-3.39065530266132
-4.5,24,-3.0861484907059
-4,24,-2.81157804279475
-3.5,24,-2.56694395892787
-3,24,-2.4468249667682
-2.5,24,-2.24601264763336
-2,24,-2.07757549147725
-1.5,24,-1.9429145209463
-1,24,-1.84175655411725
-0.5,24,-1.77476728405647
0,24,-1.73981970400493
0.5,24,-1.74165584867356
1,24,-1.77881453098913
1.5,24,-1.85778922968054
2,24,-1.9569936402013
2.5,24,-2.07405096283658
3,24,-2.20933836865646
3.5,24,-2.36454406208317
4,24,-2.54135624753894
4.5,24,-2.741463129446
5,24,-2.98842823196396
5.5,24,-3.28264870089392
6,24,-3.60680553386814
6.5,24,-3.96089873088662
-6.5,25,-4.54140700741821
-6,25,-4.14709110332999
-5.5,25,-3.78271156328603
-5,25,-3.44826838728635
-4.5,25,-3.14376157533093
-4,25,-2.86919112741978
-3.5,25,-2.62455704355289
-3,25,-2.50443805139322
-2.5,25,-2.30362573225838
-2,25,-2.13518857610227
-1.5,25,-2.00052760557133
-1,25,-1.89936963874227
-0.5,25,-1.8323803686815
0,25,-1.79743278862995
0.5,25,-1.79926893329859
1,25,-1.83642761561415
1.5,25,-1.91540231430556
2,25,-2.01460672482633
2.5,25,-2.1316640474616
3,25,-2.26695145328148
3.5,25,-2.42215714670819
4,25,-2.59896933216396
4.5,25,-2.79907621407102
5,25,-3.04604131658899
5.5,25,-3.34026178551894
6,25,-3.66441861849316
6.5,25,-4.01851181551165
7,25,-4.4025413765744
-7,26,-5.02327236017573
-6.5,26,-4.59902009204324
-6,26,-4.20470418795501
-5.5,26,-3.84032464791106
-5,26,-3.50588147191137
-4.5,26,-3.20137465995595
-4,26,-2.9268042120448
-3.5,26,-2.68217012817792
-3,26,-2.56205113601824
-2.5,26,-2.3612388168834
-2,26,-2.19280166072729
-1.5,26,-2.05814069019635
-1,26,-1.95698272336729
-0.5,26,-1.88999345330652
0,26,-1.85504587325497
0.5,26,-1.85688201792361
1,26,-1.89404070023918
1.5,26,-1.97301539893058
2,26,-2.07221980945135
2.5,26,-2.18927713208662
3,26,-2.3245645379065
3.5,26,-2.47977023133322
4,26,-2.65658241678898
4.5,26,-2.85668929869605
5,26,-3.10365440121401
5.5,26,-3.39787487014396
6,26,-3.72203170311818
6.5,26,-4.07612490013667
7,26,-4.46015446119943
-7,27,-5.08088544480075
-6.5,27,-4.65663317666826
-6,27,-4.26231727258004
-5.5,27,-3.89793773253608
-5,27,-3.56349455653639
-4.5,27,-3.25898774458097
-4,27,-2.98441729666982
-3.5,27,-2.73978321280294
-3,27,-2.61966422064327
-2.5,27,-2.41885190150843
-2,27,-2.25041474535232
-1.5,27,-2.11575377482137
-1,27,-2.01459580799232
-0.5,27,-1.94760653793154
0,27,-1.91265895788
0.5,27,-1.91449510254863
1,27,-1.9516537848642
1.5,27,-2.0306284835556
2,27,-2.12983289407637
2.5,27,-2.24689021671165
3,27,-2.38217762253153
3.5,27,-2.53738331595824
4,27,-2.71419550141401
4.5,27,-2.91430238332107
5,27,-3.16126748583903
5.5,27,-3.45548795476899
6,27,-3.77964478774321
6.5,27,-4.13373798476169
7,27,-4.51776754582445
-7.5,28,-5.59268716160254
-7,28,-5.13849852942578
-6.5,28,-4.71424626129328
-6,28,-4.31993035720506
-5.5,28,-3.9555508171611
-5,28,-3.62110764116142
-4.5,28,-3.316600829206
-4,28,-3.04203038129485
-3.5,28,-2.79739629742796
-3,28,-2.67727730526829
-2.5,28,-2.47646498613345
-2,28,-2.30802782997734
-1.5,28,-2.1733668594464
-1,28,-2.07220889261734
-0.5,28,-2.00521962255656
0,28,-1.97027204250502
0.5,28,-1.97210818717366
1,28,-2.00926686948922
1.5,28,-2.08824156818063
2,28,-2.1874459787014
2.5,28,-2.30450330133667
3,28,-2.43979070715655
3.5,28,-2.59499640058326
4,28,-2.77180858603903
4.5,28,-2.97191546794609
5,28,-3.21888057046406
5.5,28,-3.51310103939401
6,28,-3.83725787236823
6.5,28,-4.19135106938672
7,28,-4.57538063044947
7.5,28,-4.9893465555565
-8,29,-6.13442524244859
-7.5,29,-5.65030024622756
-7,29,-5.1961116140508
-6.5,29,-4.77185934591831
-6,29,-4.37754344183008
-5.5,29,-4.01316390178613
-5,29,-3.67872072578644
-4.5,29,-3.37421391383102
-4,29,-3.09964346591987
-3.5,29,-2.85500938205299
-3,29,-2.73489038989331
-2.5,29,-2.53407807075847
-2,29,-2.36564091460236
-1.5,29,-2.23097994407142
-1,29,-2.12982197724236
-0.5,29,-2.06283270718159
0,29,-2.02788512713004
0.5,29,-2.02972127179868
1,29,-2.06687995411425
1.5,29,-2.14585465280565
2,29,-2.24505906332642
2.5,29,-2.36211638596169
3,29,-2.49740379178157
3.5,29,-2.65260948520828
4,29,-2.82942167066405
4.5,29,-3.02952855257111
5,29,-3.27649365508908
5.5,29,-3.57071412401903
6,29,-3.89487095699325
6.5,29,-4.24896415401174
7,29,-4.6329937150745
7.5,29,-5.04695964018152
-8,30,-6.19203832707362
-7.5,30,-5.70791333085258
-7,30,-5.25372469867582
-6.5,30,-4.82947243054333
-6,30,-4.43515652645511
-5.5,30,-4.07077698641115
-5,30,-3.73633381041146
-4.5,30,-3.43182699845604
-4,30,-3.15725655054489
-3.5,30,-2.91262246667801
-3,30,-2.79250347451834
-2.5,30,-2.5916911553835
-2,30,-2.42325399922739
-1.5,30,-2.28859302869644
-1,30,-2.18743506186738
-0.5,30,-2.12044579180661
0,30,-2.08549821175507
0.5,30,-2.0873343564237
1,30,-2.12449303873927
1.5,30,-2.20346773743067
2,30,-2.30267214795144
2.5,30,-2.41972947058672
3,30,-2.5550168764066
3.5,30,-2.71022256983331
4,30,-2.88703475528908
4.5,30,-3.08714163719614
5,30,-3.3341067397141
5.5,30,-3.62832720864405
6,30,-3.95248404161827
6.5,30,-4.30657723863676
7,30,-4.69060679969952
7.5,30,-5.10457272480655
-8.5,31,-6.76371277196394
-8,31,-6.24965141169864
-7.5,31,-5.76552641547761
-7,31,-5.31133778330085
-6.5,31,-4.88708551516835
-6,31,-4.49276961108013
-5.5,31,-4.12839007103617
-5,31,-3.79394689503648
-4.5,31,-3.48944008308107
-4,31,-3.21486963516992
-3.5,31,-2.97023555130303
-3,31,-2.85011655914336
-2.5,31,-2.64930424000852
-2,31,-2.48086708385241
-1.5,31,-2.34620611332146
-1,31,-2.24504814649241
-0.5,31,-2.17805887643163
0,31,-2.14311129638009
0.5,31,-2.14494744104873
1,31,-2.18210612336429
1.5,31,-2.2610808220557
2,31,-2.36028523257647
2.5,31,-2.47734255521174
3,31,-2.61262996103162
3.5,31,-2.76783565445833
4,31,-2.9446478399141
4.5,31,-3.14475472182116
5,31,-3.39171982433913
5.5,31,-3.68594029326908
6,31,-4.0100971262433
6.5,31,-4.36419032326179
7,31,-4.74821988432454
7.5,31,-5.16218580943157
8,31,-5.60608809858286
-9,32,-7.36532358089853
-8.5,32,-6.82132585658896
-8,32,-6.30726449632366
-7.5,32,-5.82313950010263
-7,32,-5.36895086792587
-6.5,32,-4.94469859979338
-6,32,-4.55038269570515
-5.5,32,-4.1860031556612
-5,32,-3.85155997966151
-4.5,32,-3.54705316770609
-4,32,-3.27248271979494
-3.5,32,-3.02784863592806
-3,32,-2.90772964376838
-2.5,32,-2.70691732463354
-2,32,-2.53848016847743
-1.5,32,-2.40381919794649
-1,32,-2.30266123111743
-0.5,32,-2.23567196105666
0,32,-2.20072438100511
0.5,32,-2.20256052567375
1,32,-2.23971920798931
1.5,32,-2.31869390668072
2,32,-2.41789831720149
2.5,32,-2.53495563983676
3,32,-2.67024304565664
3.5,32,-2.82544873908335
4,32,-3.00226092453912
4.5,32,-3.20236780644618
5,32,-3.44933290896415
5.5,32,-3.7435533778941
6,32,-4.06771021086832
6.5,32,-4.42180340788681
7,32,-4.80583296894957
7.5,32,-5.21979889405659
8,32,-5.66370118320789
-9,33,-7.42293666552355
-8.5,33,-6.87893894121398
-8,33,-6.36487758094868
-7.5,33,-5.88075258472765
-7,33,-5.42656395255089
-6.5,33,-5.0023116844184
-6,33,-4.60799578033017
-5.5,33,-4.24361624028622
-5,33,-3.90917306428653
-4.5,33,-3.60466625233111
-4,33,-3.33009580441996
-3.5,33,-3.08546172055308
-3,33,-2.96534272839341
-2.5,33,-2.76453040925857
-2,33,-2.59609325310246
-1.5,33,-2.46143228257151
-1,33,-2.36027431574245
-0.5,33,-2.29328504568168
0,33,-2.25833746563013
0.5,33,-2.26017361029877
1,33,-2.29733229261434
1.5,33,-2.37630699130574
2,33,-2.47551140182651
2.5,33,-2.59256872446179
3,33,-2.72785613028167
3.5,33,-2.88306182370838
4,33,-3.05987400916415
4.5,33,-3.25998089107121
5,33,-3.50694599358917
-9.5,34,-8.05448383850241
-9,34,-7.48054975014857
-8.5,34,-6.936552025839
-8,34,-6.42249066557371
-7.5,34,-5.93836566935268
-7,34,-5.48417703717591
-6.5,34,-5.05992476904342
-6,34,-4.6656088649552
-5.5,34,-4.30122932491124
-5,34,-3.96678614891155
-4.5,34,-3.66227933695614
-4,34,-3.38770888904498
-3.5,34,-3.1430748051781
-3,34,-3.02295581301843
-2.5,34,-2.82214349388359
-2,34,-2.65370633772748
-1.5,34,-2.51904536719653
-1,34,-2.41788740036748
-0.5,34,-2.3508981303067
0,34,-2.31595055025516
0.5,34,-2.31778669492379
1,34,-2.35494537723936
1.5,34,-2.43392007593077
2,34,-2.53312448645153
2.5,34,-2.65018180908681
3,34,-2.78546921490669
3.5,34,-2.9406749083334
4,34,-3.11748709378917
4.5,34,-3.31759397569623
5,34,-3.5645590782142
-9.5,35,-8.11209692312743
-9,35,-7.5381628347736
-8.5,35,-6.99416511046403
-8,35,-6.48010375019873
-7.5,35,-5.9959787539777
-7,35,-5.54179012180094
-6.5,35,-5.11753785366844
-6,35,-4.72322194958022
-5.5,35,-4.35884240953626
-5,35,-4.02439923353658
-4.5,35,-3.71989242158116
-4,35,-3.44532197367001
-3.5,35,-3.20068788980313
-3,35,-3.08056889764345
-2.5,35,-2.87975657850861
-2,35,-2.7113194223525
-1.5,35,-2.57665845182156
-1,35,-2.4755004849925
-0.5,35,-2.40851121493173
0,35,-2.37356363488018
0.5,35,-2.37539977954882
1,35,-2.41255846186438
1.5,35,-2.49153316055579
2,35,-2.59073757107656
2.5,35,-2.70779489371183
3,35,-2.84308229953171
3.5,35,-2.99828799295842
4,35,-3.17510017841419
4.5,35,-3.37520706032125
5,35,-3.62217216283922
-9.5,36,-8.16971000775245
-9,36,-7.59577591939862
-8.5,36,-7.05177819508905
-8,36,-6.53771683482375
-7.5,36,-6.05359183860272
-7,36,-5.59940320642596
-6.5,36,-5.17515093829347
-6,36,-4.78083503420524
-5.5,36,-4.41645549416129
-5,36,-4.0820123181616
-4.5,36,-3.77750550620618
-4,36,-3.50293505829503
-3.5,36,-3.25830097442815
-3,36,-3.13818198226848
-2.5,36,-2.93736966313364
-2,36,-2.76893250697753
-1.5,36,-2.63427153644658
-1,36,-2.53311356961752
-0.5,36,-2.46612429955675
0,36,-2.4311767195052
0.5,36,-2.43301286417384
1,36,-2.47017154648941
1.5,36,-2.54914624518081
2,36,-2.64835065570158
2.5,36,-2.76540797833686
3,36,-2.90069538415674
3.5,36,-3.05590107758345
4,36,-3.23271326303922
4.5,36,-3.43282014494628
5,36,-3.67978524746424
-10,37,-8.83119354477558
-9.5,37,-8.22732309237748
-9,37,-7.65338900402364
-8.5,37,-7.10939127971407
-8,37,-6.59532991944878
-7.5,37,-6.11120492322775
-7,37,-5.65701629105098
-6.5,37,-5.23276402291849
-6,37,-4.83844811883027
-5.5,37,-4.47406857878631
-5,37,-4.13962540278662
-4.5,37,-3.8351185908312
-4,37,-3.56054814292005
-3.5,37,-3.31591405905317
-3,37,-3.1957950668935
-2.5,37,-2.99498274775866
-2,37,-2.82654559160255
-1.5,37,-2.6918846210716
-1,37,-2.59072665424255
-0.5,37,-2.52373738418177
0,37,-2.48878980413023
0.5,37,-2.49062594879886
1,37,-2.52778463111443
1.5,37,-2.60675932980584
2,37,-2.7059637403266
2.5,37,-2.82302106296188
3,37,-2.95830846878176
3.5,37,-3.11351416220847
4,37,-3.29032634766424
4.5,37,-3.4904332295713
-6,38,-4.89606120345529
-5.5,38,-4.53168166341133
-5,38,-4.19723848741165
-4.5,38,-3.89273167545623
-4,38,-3.61816122754508
-3.5,38,-3.3735271436782
-3,38,-3.25340815151852
-2.5,38,-3.05259583238368
-2,38,-2.88415867622757
-1.5,38,-2.74949770569663
-1,38,-2.64833973886757
-0.5,38,-2.5813504688068
0,38,-2.54640288875525
0.5,38,-2.54823903342389
1,38,-2.58539771573945
1.5,38,-2.66437241443086
2,38,-2.76357682495163
2.5,38,-2.8806341475869
3,38,-3.01592155340678
3.5,38,-3.17112724683349
4,38,-3.34793943228926
4.5,38,-3.54804631419632
-5.5,39,-4.58929474803636
-5,39,-4.25485157203667
-4.5,39,-3.95034476008125
-4,39,-3.6757743121701
-3.5,39,-3.43114022830322
-3,39,-3.31102123614355
-2.5,39,-3.11020891700871
-2,39,-2.94177176085259
-1.5,39,-2.80711079032165
-1,39,-2.70595282349259
-0.5,39,-2.63896355343182
0,39,-2.60401597338027
0.5,39,-2.60585211804891
1,39,-2.64301080036448
1.5,39,-2.72198549905588
2,39,-2.82118990957665
2.5,39,-2.93824723221193
3,39,-3.07353463803181
3.5,39,-3.22874033145852
4,39,-3.40555251691429
4.5,39,-3.60565939882135
-5.5,40,-4.64690783266138
-5,40,-4.31246465666169
-4.5,40,-4.00795784470627
-4,40,-3.73338739679512
-3.5,40,-3.48875331292824
-3,40,-3.36863432076857
-2.5,40,-3.16782200163373
-2,40,-2.99938484547762
-1.5,40,-2.86472387494667
-1,40,-2.76356590811762
-0.5,40,-2.69657663805684
0,40,-2.6616290580053
0.5,40,-2.66346520267393
1,40,-2.7006238849895
1.5,40,-2.77959858368091
2,40,-2.87880299420167
2.5,40,-2.99586031683695
3,40,-3.13114772265683
3.5,40,-3.28635341608354
4,40,-3.46316560153931
4.5,40,-3.66327248344637
-5.5,41,-4.7045209172864
-5,41,-4.37007774128672
-4.5,41,-4.0655709293313
-4,41,-3.79100048142015
-3.5,41,-3.54636639755326
-3,41,-3.42624740539359
-2.5,41,-3.22543508625875
-2,41,-3.05699793010264
-1.5,41,-2.9223369595717
-1,41,-2.82117899274264
-0.5,41,-2.75418972268186
0,41,-2.71924214263032
0.5,41,-2.72107828729896
1,41,-2.75823696961452
1.5,41,-2.83721166830593
2,41,-2.9364160788267
2.5,41,-3.05347340146197
3,41,-3.18876080728185
3.5,41,-3.34396650070856
4,41,-3.52077868616433
4.5,41,-3.72088556807139
5,41,-3.96785067058936
-5,42,-4.42769082591174
-4.5,42,-4.12318401395632
-4,42,-3.84861356604517
-3.5,42,-3.60397948217829
-3,42,-3.48386049001861
-2.5,42,-3.28304817088377
-2,42,-3.11461101472766
-1.5,42,-2.97995004419672
-1,42,-2.87879207736766
-0.5,42,-2.81180280730689
0,42,-2.77685522725534
0.5,42,-2.77869137192398
1,42,-2.81585005423955
1.5,42,-2.89482475293095
2,42,-2.99402916345172
2.5,42,-3.11108648608699
3,42,-3.24637389190687
3.5,42,-3.40157958533358
4,42,-3.57839177078935
4.5,42,-3.77849865269641
5,42,-4.02546375521438
-5,43,-4.48530391053676
-4.5,43,-4.18079709858134
-4,43,-3.90622665067019
-3.5,43,-3.66159256680331
-3,43,-3.54147357464364
-2.5,43,-3.3406612555088
-2,43,-3.17222409935269
-1.5,43,-3.03756312882174
-1,43,-2.93640516199268
-0.5,43,-2.86941589193191
0,43,-2.83446831188037
0.5,43,-2.836304456549
1,43,-2.87346313886457
1.5,43,-2.95243783755597
2,43,-3.05164224807674
2.5,43,-3.16869957071202
3,43,-3.3039869765319
3.5,43,-3.45919266995861
4,43,-3.63600485541438
4.5,43,-3.83611173732144
5,43,-4.0830768398394
-5,44,-4.54291699516178
-4.5,44,-4.23841018320637
-4,44,-3.96383973529522
-3.5,44,-3.71920565142833
-3,44,-3.59908665926866
-2.5,44,-3.39827434013382
-2,44,-3.22983718397771
-1.5,44,-3.09517621344676
-1,44,-2.99401824661771
-0.5,44,-2.92702897655693
0,44,-2.89208139650539
0.5,44,-2.89391754117403
1,44,-2.93107622348959
1.5,44,-3.010050922181
2,44,-3.10925533270177
2.5,44,-3.22631265533704
3,44,-3.36160006115692
3.5,44,-3.51680575458363
4,44,-3.6936179400394
4.5,44,-3.89372482194646
5,44,-4.14068992446443
-4.5,45,-4.29602326783139
-4,45,-4.02145281992024
-3.5,45,-3.77681873605336
-3,45,-3.65669974389368
-2.5,45,-3.45588742475884
-2,45,-3.28745026860273
-1.5,45,-3.15278929807179
-1,45,-3.05163133124273
-0.5,45,-2.98464206118196
0,45,-2.94969448113041
0.5,45,-2.95153062579905
1,45,-2.98868930811462
1.5,45,-3.06766400680602
2,45,-3.16686841732679
2.5,45,-3.28392573996206
3,45,-3.41921314578194
3.5,45,-3.57441883920865
-4.5,46,-4.35363635245641
-4,46,-4.07906590454526
-3.5,46,-3.83443182067838
-3,46,-3.71431282851871
-2.5,46,-3.51350050938387
-2,46,-3.34506335322776
-1.5,46,-3.21040238269681
-1,46,-3.10924441586775
-0.5,46,-3.04225514580698
0,46,-3.00730756575543
0.5,46,-3.00914371042407
1,46,-3.04630239273964
1.5,46,-3.12527709143104
2,46,-3.22448150195181
2.5,46,-3.34153882458709
3,46,-3.47682623040697
3.5,46,-3.63203192383368
-4.5,47,-4.41124943708144
-4,47,-4.13667898917029
-3.5,47,-3.8920449053034
-3,47,-3.77192591314373
-2.5,47,-3.57111359400889
-2,47,-3.40267643785278
-1.5,47,-3.26801546732183
-1,47,-3.16685750049278
-0.5,47,-3.099868230432
0,47,-3.06492065038046
0.5,47,-3.06675679504909
1,47,-3.10391547736466
1.5,47,-3.18289017605607
2,47,-3.28209458657683
2.5,47,-3.39915190921211
3,47,-3.53443931503199
3.5,47,-3.6896450084587
4,47,-3.86645719391447
-4.5,48,-4.46886252170646
-4,48,-4.19429207379531
-3.5,48,-3.94965798992843
-3,48,-3.82953899776875
-2.5,48,-3.62872667863391
-2,48,-3.4602895224778
-1.5,48,-3.32562855194686
-1,48,-3.2244705851178
-0.5,48,-3.15748131505703
0,48,-3.12253373500548
0.5,48,-3.12436987967412
1,48,-3.16152856198968
1.5,48,-3.24050326068109
2,48,-3.33970767120186
2.5,48,-3.45676499383713
3,48,-3.59205239965701
3.5,48,-3.74725809308372
4,48,-3.92407027853949
-4.5,49,-4.52647560633148
-4,49,-4.25190515842033
-3.5,49,-4.00727107455345
-3,49,-3.88715208239378
-2.5,49,-3.68633976325894
-2,49,-3.51790260710283
-1.5,49,-3.38324163657188
-1,49,-3.28208366974282
-0.5,49,-3.21509439968205
0,49,-3.1801468196305
0.5,49,-3.18198296429914
1,49,-3.21914164661471
1.5,49,-3.29811634530611
2,49,-3.39732075582688
2.5,49,-3.51437807846216
3,49,-3.64966548428204
3.5,49,-3.80487117770875
4,49,-3.98168336316452
4.5,49,-4.18179024507158
-4.5,50,-4.5840886909565
-4,50,-4.30951824304535
-3.5,50,-4.06488415917847
-3,50,-3.9447651670188
-2.5,50,-3.74395284788396
-2,50,-3.57551569172785
-1.5,50,-3.4408547211969
-1,50,-3.33969675436785
-0.5,50,-3.27270748430707
0,50,-3.23775990425553
0.5,50,-3.23959604892416
1,50,-3.27675473123973
1.5,50,-3.35572942993114
2,50,-3.4549338404519
2.5,50,-3.57199116308718
3,50,-3.70727856890706
3.5,50,-3.86248426233377
4,50,-4.03929644778954
4.5,50,-4.2394033296966
-5,51,-4.94620858753695
-4.5,51,-4.64170177558153
-4,51,-4.36713132767038
-3.5,51,-4.1224972438035
-3,51,-4.00237825164382
-2.5,51,-3.80156593250898
-2,51,-3.63312877635287
-1.5,51,-3.49846780582193
-1,51,-3.39730983899287
-0.5,51,-3.3303205689321
0,51,-3.29537298888055
0.5,51,-3.29720913354919
1,51,-3.33436781586475
1.5,51,-3.41334251455616
2,51,-3.51254692507693
-5,52,-5.00382167216197
-4.5,52,-4.69931486020655
-4,52,-4.4247444122954
-3.5,52,-4.18011032842852
-3,52,-4.05999133626885
-2.5,52,-3.85917901713401
-2,52,-3.69074186097789
-1.5,52,-3.55608089044695
-1,52,-3.45492292361789
-0.5,52,-3.38793365355712
0,52,-3.35298607350557
0.5,52,-3.35482221817421
1,52,-3.39198090048978
1.5,52,-3.47095559918118
-5,53,-5.06143475678699
-4.5,53,-4.75692794483157
-4,53,-4.48235749692042
-3.5,53,-4.23772341305354
-3,53,-4.11760442089387
-2.5,53,-3.91679210175903
-2,53,-3.74835494560292
-1.5,53,-3.61369397507197
-1,53,-3.51253600824292
-0.5,53,-3.44554673818214
0,53,-3.4105991581306
0.5,53,-3.41243530279923
1,53,-3.4495939851148
1.5,53,-3.52856868380621
-5,54,-5.11904784141202
-4.5,54,-4.8145410294566
-4,54,-4.53997058154545
-3.5,54,-4.29533649767856
-3,54,-4.17521750551889
-2.5,54,-3.97440518638405
-2,54,-3.80596803022794
-1.5,54,-3.671307059697
-1,54,-3.57014909286794
-0.5,54,-3.50315982280716
0,54,-3.46821224275562
0.5,54,-3.47004838742426
1,54,-3.50720706973982
1.5,54,-3.58618176843123
-5,55,-5.17666092603704
-4.5,55,-4.87215411408162
-4,55,-4.59758366617047
-3.5,55,-4.35294958230359
-3,55,-4.23283059014391
-2.5,55,-4.03201827100907
-2,55,-3.86358111485296
-1.5,55,-3.72892014432202
-1,55,-3.62776217749296
-0.5,55,-3.56077290743219
0,55,-3.52582532738064
0.5,55,-3.52766147204928
1,55,-3.56482015436485
1.5,55,-3.64379485305625
-5,56,-5.23427401066206
-4.5,56,-4.92976719870664
-4,56,-4.65519675079549
-3.5,56,-4.41056266692861
-3,56,-4.29044367476894
-2.5,56,-4.0896313556341
-2,56,-3.92119419947799
-1.5,56,-3.78653322894704
-1,56,-3.68537526211798
-0.5,56,-3.61838599205721
0,56,-3.58343841200567
0.5,56,-3.5852745566743
1,56,-3.62243323898987
1.5,56,-3.70140793768127
-5,57,-5.29188709528709
-4.5,57,-4.98738028333167
-4,57,-4.71280983542052
-3.5,57,-4.46817575155363
-3,57,-4.34805675939396
-2.5,57,-4.14724444025912
-2,57,-3.97880728410301
-1.5,57,-3.84414631357207
-1,57,-3.74298834674301
-0.5,57,-3.67599907668223
0,57,-3.64105149663069
0.5,57,-3.64288764129933
1,57,-3.68004632361489
-4.5,58,-5.04499336795669
-4,58,-4.77042292004554
-3.5,58,-4.52578883617866
-3,58,-4.40566984401898
-2.5,58,-4.20485752488414
-2,58,-4.03642036872803
-1.5,58,-3.90175939819709
-1,58,-3.80060143136803
-0.5,58,-3.73361216130726
0,58,-3.69866458125571
0.5,58,-3.70050072592435
1,58,-3.73765940823992
-4.5,59,-5.10260645258171
-4,59,-4.82803600467056
-3.5,59,-4.58340192080368
-3,59,-4.46328292864401
-2.5,59,-4.26247060950917
-2,59,-4.09403345335306
-1.5,59,-3.95937248282211
-1,59,-3.85821451599305
-0.5,59,-3.79122524593228
0,59,-3.75627766588074
0.5,59,-3.75811381054937
1,59,-3.79527249286494
-4.5,60,-5.16021953720674
-4,60,-4.88564908929559
-3.5,60,-4.6410150054287
-3,60,-4.52089601326903
-2.5,60,-4.32008369413419
-2,60,-4.15164653797808
-1.5,60,-4.01698556744713
-1,60,-3.91582760061808
-0.5,60,-3.8488383305573
0,60,-3.81389075050576
0.5,60,-3.8157268951744
1,60,-3.85288557748996
-4,61,-4.94326217392061
-3.5,61,-4.69862809005373
-3,61,-4.57850909789405
-2.5,61,-4.37769677875921
-2,61,-4.2092596226031
-1.5,61,-4.07459865207216
-1,61,-3.9734406852431
-0.5,61,-3.90645141518233
0,61,-3.87150383513078
0.5,61,-3.87333997979942
1,61,-3.91049866211498
-4,62,-5.00087525854563
-3.5,62,-4.75624117467875
-3,62,-4.63612218251908
-2.5,62,-4.43530986338424
-2,62,-4.26687270722813
-1.5,62,-4.13221173669718
-1,62,-4.03105376986812
-0.5,62,-3.96406449980735
0,62,-3.9291169197558
0.5,62,-3.93095306442444
-3.5,63,-4.81385425930377
-3,63,-4.6937352671441
-2.5,63,-4.49292294800926
-2,63,-4.32448579185315
-1.5,63,-4.1898248213222
-1,63,-4.08866685449315
-0.5,63,-4.02167758443237
0,63,-3.98673000438083
0.5,63,-3.98856614904946
-3.5,64,-4.8714673439288
-3,64,-4.75134835176912
-2.5,64,-4.55053603263428
-2,64,-4.38209887647817
-1.5,64,-4.24743790594723
-1,64,-4.14627993911817
-0.5,64,-4.0792906690574
0,64,-4.04434308900585
0.5,64,-4.04617923367449
-3,65,-4.80896143639415
-2.5,65,-4.60814911725931
-2,65,-4.43971196110319
-1.5,65,-4.30505099057225
-1,65,-4.20389302374319
-0.5,65,-4.13690375368242
0,65,-4.10195617363087
0.5,65,-4.10379231829951
-3,66,-4.86657452101917
-2.5,66,-4.66576220188433
-2,66,-4.49732504572822
-1.5,66,-4.36266407519727
-1,66,-4.26150610836822
-0.5,66,-4.19451683830744
0,66,-4.1595692582559
0.5,66,-4.16140540292453
-2.5,67,-4.72337528650935
-2,67,-4.55493813035324
-1.5,67,-4.4202771598223
-1,67,-4.31911919299324
-0.5,67,-4.25212992293246
0,67,-4.21718234288092
0.5,67,-4.21901848754956
