nflId,qb_tot_area,line_tot_area,qb_front_area,line_front_area,frameId,playId,gameId,relevant_frame
2561036,68.50576433,117.9961436,10.9022063,57.84228622,64,76,2020_04_DEN_NYJ,1
2561036,66.99301996,117.8064671,10.80929403,58.70445091,65,76,2020_04_DEN_NYJ,2
2561036,65.20760947,117.086354,10.71063613,59.2175297,66,76,2020_04_DEN_NYJ,3
2561036,63.46892324,116.256683,10.62963099,59.58478607,67,76,2020_04_DEN_NYJ,4
2561036,61.71125586,115.277371,10.56496463,59.81448662,68,76,2020_04_DEN_NYJ,5
2561036,59.95517853,114.1520526,10.51899179,59.8981807,69,76,2020_04_DEN_NYJ,6
2561036,58.22036865,112.8601669,10.49287478,59.80322128,70,76,2020_04_DEN_NYJ,7
2561036,56.45599558,111.1712756,10.48694356,59.33543455,71,76,2020_04_DEN_NYJ,8
2561036,54.71629796,109.3646957,10.50292351,58.73786781,72,76,2020_04_DEN_NYJ,9
2561036,52.98614733,107.5125974,10.54283673,58.09478356,73,76,2020_04_DEN_NYJ,10
2561036,50.69294386,105.1475567,10.56023232,57.15154052,74,76,2020_04_DEN_NYJ,11
2561036,48.21516845,102.2028316,10.47745268,55.43781148,75,76,2020_04_DEN_NYJ,12
2561036,45.94443837,98.92890649,10.41378732,53.39488308,76,76,2020_04_DEN_NYJ,13
2561036,43.85743208,95.47250851,10.36375716,51.16948042,77,76,2020_04_DEN_NYJ,14
2561036,41.9349399,91.85902215,10.32434852,48.78698993,78,76,2020_04_DEN_NYJ,15
2561036,40.14245444,88.05710949,10.29255277,46.22838593,79,76,2020_04_DEN_NYJ,16
2561036,38.47741816,84.26443063,10.22887565,43.65439018,80,76,2020_04_DEN_NYJ,17
2561036,36.75487127,80.71075586,10.02547198,41.34402423,81,76,2020_04_DEN_NYJ,18
2561036,35.01419795,77.68054756,9.686157001,39.54481083,82,76,2020_04_DEN_NYJ,19
2561036,33.25234038,75.35111775,9.221063476,38.43406622,83,76,2020_04_DEN_NYJ,20
2561036,31.76385195,75.0866474,8.502487927,38.87126513,84,76,2020_04_DEN_NYJ,21
2561036,30.08901519,73.93833391,7.692185982,38.70393654,85,76,2020_04_DEN_NYJ,22
2561036,6.129183876,117.507835,0.861222,11.24593359,94,121,2020_04_DEN_NYJ,1
2561036,7.17537996,117.3429309,0.962040369,12.21009826,95,121,2020_04_DEN_NYJ,2
2561036,8.55785487,117.1573954,1.06475778,13.1755289,96,121,2020_04_DEN_NYJ,3
2561036,10.07059137,116.9567726,1.166327698,14.12503597,97,121,2020_04_DEN_NYJ,4
2561036,11.51417305,116.7410192,1.267059647,15.06999453,98,121,2020_04_DEN_NYJ,5
2561036,13.03549052,116.514244,1.365131224,16.00284092,99,121,2020_04_DEN_NYJ,6
2561036,14.82044511,116.2718068,1.462073181,16.9543635,100,121,2020_04_DEN_NYJ,7
2561036,16.96464026,116.0287207,1.551561925,17.89245795,101,121,2020_04_DEN_NYJ,8
2561036,20.02885434,115.7878768,1.644653834,19.07346123,102,121,2020_04_DEN_NYJ,9
2561036,21.39796556,116.0235981,1.678857732,19.96205058,103,121,2020_04_DEN_NYJ,10
2561036,30.41323142,114.1905044,2.099072949,23.35189684,104,121,2020_04_DEN_NYJ,11
2561036,37.13531149,112.3215306,2.900345143,26.36734066,105,121,2020_04_DEN_NYJ,12
2561036,42.53742351,110.4064156,3.781137586,29.23991656,106,121,2020_04_DEN_NYJ,13
2561036,46.99327627,108.7582399,4.69305285,32.42779938,107,121,2020_04_DEN_NYJ,14
2561036,50.30328553,107.5923164,5.642256615,36.09793233,108,121,2020_04_DEN_NYJ,15
2561036,49.7603591,106.7181904,6.635716841,40.05985838,109,121,2020_04_DEN_NYJ,16
2561036,48.49104408,106.0702934,7.676910182,44.24802117,110,121,2020_04_DEN_NYJ,17
2561036,47.01050688,105.1527897,8.765065716,48.16657327,111,121,2020_04_DEN_NYJ,18
2561036,45.34374663,103.365152,9.866283754,51.21498799,112,121,2020_04_DEN_NYJ,19
2561036,42.9877283,101.8999895,10.2633235,53.01929747,113,121,2020_04_DEN_NYJ,20
2561036,40.21883558,100.6965076,9.464100357,51.88762357,114,121,2020_04_DEN_NYJ,21
2561036,37.46066215,99.03092012,8.681618832,50.29530812,115,121,2020_04_DEN_NYJ,22
2561036,34.32633557,93.77595858,7.804823231,45.18400088,116,121,2020_04_DEN_NYJ,23
2561036,32.1656836,90.82845383,7.200859776,42.46325355,117,121,2020_04_DEN_NYJ,24
2561036,29.50789678,86.39033193,6.352681657,38.44177047,118,121,2020_04_DEN_NYJ,25
2561036,26.33272197,82.07403045,5.163195123,34.8117807,119,121,2020_04_DEN_NYJ,26
2561036,66.69940583,116.1205263,10.20884948,55.96669225,88,143,2020_04_DEN_NYJ,1
2561036,66.15005766,116.0580307,10.03873832,55.90419699,89,143,2020_04_DEN_NYJ,2
2561036,65.67308756,116.0185358,9.901924328,55.86470183,90,143,2020_04_DEN_NYJ,3
2561036,65.15931972,115.994725,9.7638609,55.8408909,91,143,2020_04_DEN_NYJ,4
2561036,64.62598276,115.9970536,9.628978692,55.84321957,92,143,2020_04_DEN_NYJ,5
2561036,64.07132735,116.0420675,9.496260272,55.88823368,93,143,2020_04_DEN_NYJ,6
2561036,63.09887728,115.537811,9.319074635,55.69832085,94,143,2020_04_DEN_NYJ,7
2561036,60.38658887,113.1020779,8.904406524,54.47160185,95,143,2020_04_DEN_NYJ,8
2561036,57.6047164,110.4558037,8.527918982,53.02225177,96,143,2020_04_DEN_NYJ,9
2561036,54.69966248,107.5670091,8.188412781,51.34247106,97,143,2020_04_DEN_NYJ,10
2561036,51.66175137,104.4681328,7.887837917,49.46469811,98,143,2020_04_DEN_NYJ,11
2561036,48.5373425,101.344424,7.630193706,47.55000369,99,143,2020_04_DEN_NYJ,12
2561036,45.3175487,98.28385087,7.411141892,45.68635125,100,143,2020_04_DEN_NYJ,13
2561036,42.06886256,95.20738536,7.220810021,43.8309949,101,143,2020_04_DEN_NYJ,14
2561036,39.14712438,92.21444179,7.061383121,42.07691633,102,143,2020_04_DEN_NYJ,15
2561036,36.52963938,89.30360007,6.928154863,40.59945454,103,143,2020_04_DEN_NYJ,16
2561036,34.94790267,94.10558852,6.85222829,46.50386501,104,143,2020_04_DEN_NYJ,17
2561036,34.94790267,94.10558852,6.85222829,46.50386501,105,143,2020_04_DEN_NYJ,18
2561036,32.90205327,84.68804845,6.523159293,38.26342535,106,143,2020_04_DEN_NYJ,19
2561036,30.16475873,81.19316441,6.081868394,36.58728082,107,143,2020_04_DEN_NYJ,20
2561036,27.23779329,77.09132972,5.607563472,34.93086088,108,143,2020_04_DEN_NYJ,21
2561036,24.95636975,73.56935334,5.234810797,33.96188267,109,143,2020_04_DEN_NYJ,22
2561036,22.82487115,70.12351945,4.882621318,33.42171278,110,143,2020_04_DEN_NYJ,23
2561036,20.85882519,66.62605782,4.552619921,33.34476336,111,143,2020_04_DEN_NYJ,24
2561036,19.04969478,63.50341798,4.242421347,33.75380936,112,143,2020_04_DEN_NYJ,25
2561036,17.38880476,61.2150949,3.950406328,34.66711071,113,143,2020_04_DEN_NYJ,26
2561036,15.94457359,59.57496381,3.737322627,35.63627617,114,143,2020_04_DEN_NYJ,27
2561036,15.30660295,59.51639328,3.777271195,36.28595461,115,143,2020_04_DEN_NYJ,28
2561036,14.70256304,59.30268253,3.826074318,36.75876261,116,143,2020_04_DEN_NYJ,29
2561036,14.14281864,58.96415211,3.879643098,37.06554077,117,143,2020_04_DEN_NYJ,30
2561036,13.58648991,58.49711162,3.939683171,37.24205345,118,143,2020_04_DEN_NYJ,31
2561036,14.21537157,117.9133609,0.746158282,10.39549301,91,192,2020_04_DEN_NYJ,1
2561036,14.21537157,117.9133609,0.746158282,10.39549301,92,192,2020_04_DEN_NYJ,2
2561036,17.96340994,117.9360187,0.761147905,11.14881231,93,192,2020_04_DEN_NYJ,3
2561036,32.03306013,117.7654485,0.898128737,15.50219179,94,192,2020_04_DEN_NYJ,4
2561036,38.45602238,116.8390292,1.16603755,19.39433347,95,192,2020_04_DEN_NYJ,5
2561036,43.14306792,115.7445665,1.666495435,23.10346873,96,192,2020_04_DEN_NYJ,6
2561036,46.81804436,114.505667,2.388776232,26.69016952,97,192,2020_04_DEN_NYJ,7
2561036,49.94320971,113.0475802,3.244533661,30.59954633,98,192,2020_04_DEN_NYJ,8
2561036,51.3915519,111.8290081,3.994216066,33.6850641,99,192,2020_04_DEN_NYJ,9
2561036,51.99923353,110.4155872,4.909430249,37.05944242,100,192,2020_04_DEN_NYJ,10
2561036,51.87815715,108.8801005,5.942465205,40.43302768,101,192,2020_04_DEN_NYJ,11
2561036,51.2367892,107.085321,7.073455138,43.68349227,102,192,2020_04_DEN_NYJ,12
2561036,50.31160448,103.8524751,7.951949949,45.45936135,103,192,2020_04_DEN_NYJ,13
2561036,48.12765682,99.72664947,7.970867672,44.23329598,104,192,2020_04_DEN_NYJ,14
2561036,45.73769292,96.89783055,7.980158547,44.59550687,105,192,2020_04_DEN_NYJ,15
2561036,43.2808198,94.25125135,7.979940233,45.08149904,106,192,2020_04_DEN_NYJ,16
2561036,40.6504978,91.63110656,7.97040703,45.71488782,107,192,2020_04_DEN_NYJ,17
2561036,37.94216657,89.13014514,7.949514151,46.50321572,108,192,2020_04_DEN_NYJ,18
2561036,35.24085603,86.89922693,7.913324163,47.56149319,109,192,2020_04_DEN_NYJ,19
2561036,32.71770816,85.0993181,7.866289513,48.86473421,110,192,2020_04_DEN_NYJ,20
2561036,30.36656902,83.75145754,7.811381862,50.4413207,111,192,2020_04_DEN_NYJ,21
2561036,28.09405635,82.875997,7.747990096,52.42851665,112,192,2020_04_DEN_NYJ,22
2561036,26.05441891,82.56127858,7.393639677,54.00088283,113,192,2020_04_DEN_NYJ,23
2561036,24.52475456,81.85309654,6.549430381,53.35156089,114,192,2020_04_DEN_NYJ,24
2561036,23.10967506,80.89754216,5.740155212,52.34960684,115,192,2020_04_DEN_NYJ,25
2561036,21.67597739,79.97427825,5.001572207,51.34583826,116,192,2020_04_DEN_NYJ,26
2561036,20.19846562,79.18303985,4.388209379,50.42857872,117,192,2020_04_DEN_NYJ,27
2561036,18.43832442,80.13747484,3.842347142,51.1673245,118,192,2020_04_DEN_NYJ,28
2561036,16.81463765,79.73867355,3.495460991,50.48308775,119,192,2020_04_DEN_NYJ,29
2561036,14.94552634,79.49843873,3.250169886,49.7380642,120,192,2020_04_DEN_NYJ,30
2561036,12.42568123,79.78844081,3.086926703,48.96912914,121,192,2020_04_DEN_NYJ,31
2562718,56.07376292,108.4790069,7.294784308,48.32520265,98,370,2020_04_DEN_NYJ,1
2562718,55.254359,107.2240162,7.119544313,47.07021248,99,370,2020_04_DEN_NYJ,2
2562718,54.39419438,105.9440808,6.938560537,45.79027712,100,370,2020_04_DEN_NYJ,3
2562718,53.46160186,104.5989967,6.745386957,44.44519348,101,370,2020_04_DEN_NYJ,4
2562718,52.45992751,103.1650987,6.538011343,43.01129543,102,370,2020_04_DEN_NYJ,5
2562718,51.46318446,101.6265699,6.318010463,41.5339,103,370,2020_04_DEN_NYJ,6
2562718,50.20314685,100.1916147,6.215190668,40.8257623,104,370,2020_04_DEN_NYJ,7
2562718,47.15454172,97.69767525,6.260465279,40.87752931,105,370,2020_04_DEN_NYJ,8
2562718,44.28236556,95.22633488,6.291260808,40.98234343,106,370,2020_04_DEN_NYJ,9
2562718,41.55880828,92.74420741,6.311530465,41.10682859,107,370,2020_04_DEN_NYJ,10
2562718,38.47952623,89.29861219,6.324552285,40.80277359,108,370,2020_04_DEN_NYJ,11
2562718,36.0541784,85.67047769,6.327113158,39.79418243,109,370,2020_04_DEN_NYJ,12
2562718,33.68922982,81.51127398,6.322346085,38.31594245,110,370,2020_04_DEN_NYJ,13
2562718,31.41514583,79.15019723,6.302793036,38.94959639,111,370,2020_04_DEN_NYJ,14
2562718,29.13277207,78.92216309,6.122755832,42.42882348,112,370,2020_04_DEN_NYJ,15
2562718,26.91815151,75.1066368,5.873346355,42.5186359,113,370,2020_04_DEN_NYJ,16
2562718,24.66751871,69.73460301,5.534584567,42.60377734,114,370,2020_04_DEN_NYJ,17
2562718,22.72127739,68.88085188,5.192741717,43.46589259,115,370,2020_04_DEN_NYJ,18
2562718,20.93227895,68.6266956,4.881596514,44.86166853,116,370,2020_04_DEN_NYJ,19
2562718,19.30816536,69.19747623,4.608406668,46.997468,117,370,2020_04_DEN_NYJ,20
2562718,17.4773421,71.96902708,4.353177102,53.554824,118,370,2020_04_DEN_NYJ,21
2562718,15.5016912,75.11590816,4.085713381,58.0534673,119,370,2020_04_DEN_NYJ,22
2562718,59.14805069,118.374655,10.33653028,58.22080132,92,482,2020_04_DEN_NYJ,1
2562718,59.12204542,118.3541552,10.31052501,58.20030154,93,482,2020_04_DEN_NYJ,2
2562718,59.16375796,118.197783,10.31048636,58.12855503,94,482,2020_04_DEN_NYJ,3
2562718,59.77096222,117.7976361,10.45943733,58.93742743,95,482,2020_04_DEN_NYJ,4
2562718,59.99870403,116.9964564,10.44179054,59.63542437,96,482,2020_04_DEN_NYJ,5
2562718,59.75455254,116.352663,10.38199846,59.92256698,97,482,2020_04_DEN_NYJ,6
2562718,58.54770643,114.9896703,10.31459433,59.94994234,98,482,2020_04_DEN_NYJ,7
2562718,57.2300249,113.6443588,10.27609031,59.82573833,99,482,2020_04_DEN_NYJ,8
2562718,55.90157308,112.3285066,10.24664543,59.71889857,100,482,2020_04_DEN_NYJ,9
2562718,54.55614442,111.0009142,10.2189038,59.5882316,101,482,2020_04_DEN_NYJ,10
2562718,53.14915136,109.6003397,10.18895114,59.40875569,102,482,2020_04_DEN_NYJ,11
2562718,51.71705583,108.1714902,10.15358877,59.18892561,103,482,2020_04_DEN_NYJ,12
2562718,50.62152,105.0053034,10.10373766,56.90531933,104,482,2020_04_DEN_NYJ,13
2562718,48.74743466,103.1888974,9.734483475,56.29792525,105,482,2020_04_DEN_NYJ,14
2562718,46.83710821,101.4542159,9.337623591,55.77225639,106,482,2020_04_DEN_NYJ,15
2562718,44.87512056,99.82208782,8.942978379,55.34913979,107,482,2020_04_DEN_NYJ,16
2562718,42.82179168,103.677578,8.545353009,60.41364963,108,482,2020_04_DEN_NYJ,17
2562718,40.54005097,102.0414671,8.057898161,59.98655305,109,482,2020_04_DEN_NYJ,18
2562718,38.12763369,100.4052611,7.498552933,59.57487842,110,482,2020_04_DEN_NYJ,19
2562718,35.52959389,98.50730873,6.843299246,59.23131467,111,482,2020_04_DEN_NYJ,20
2562718,32.7828918,96.15571996,6.145499001,59.09319414,112,482,2020_04_DEN_NYJ,21
2562718,62.58679871,116.100753,10.38208977,57.03502244,92,527,2020_04_DEN_NYJ,1
2562718,61.32068128,114.8896621,10.26707251,57.03294489,93,527,2020_04_DEN_NYJ,2
2562718,60.04055133,113.3313805,10.17453293,56.68367649,94,527,2020_04_DEN_NYJ,3
2562718,58.73566909,111.5860454,10.10426725,56.1594466,95,527,2020_04_DEN_NYJ,4
2562718,57.22336164,109.5179603,10.05181266,55.49381626,96,527,2020_04_DEN_NYJ,5
2562718,55.90780969,107.7190406,10.0298012,54.90390865,97,527,2020_04_DEN_NYJ,6
2562718,54.58008979,105.9419549,10.02775992,54.33583493,98,527,2020_04_DEN_NYJ,7
2562718,53.23774478,104.1940364,10.04344,53.79693588,99,527,2020_04_DEN_NYJ,8
2562718,51.84902897,102.4134786,10.07391383,53.24957222,100,527,2020_04_DEN_NYJ,9
2562718,50.59787593,100.2391731,10.15191597,52.27218508,101,527,2020_04_DEN_NYJ,10
2562718,48.2028801,97.33210853,10.72641715,52.99215653,102,527,2020_04_DEN_NYJ,11
2562718,45.22222957,95.13890729,10.75317377,54.42599134,103,527,2020_04_DEN_NYJ,12
2562718,41.81767742,92.59710692,10.38794931,55.51122696,104,527,2020_04_DEN_NYJ,13
2562718,37.98685954,87.48007652,9.682219414,54.09377163,105,527,2020_04_DEN_NYJ,14
2562718,34.14243264,80.55967279,8.85967563,51.80121511,106,527,2020_04_DEN_NYJ,15
2562718,29.89732755,72.57453321,7.884922329,49.02514697,107,527,2020_04_DEN_NYJ,16
2562718,59.39208861,114.0484487,8.473824467,55.06734134,92,574,2020_04_DEN_NYJ,1
2562718,59.62439844,113.0413177,8.994663277,55.28130974,93,574,2020_04_DEN_NYJ,2
2562718,59.74911249,111.8320639,9.488390754,55.28107442,94,574,2020_04_DEN_NYJ,3
2562718,59.76929862,110.4228168,9.948981483,55.06874878,95,574,2020_04_DEN_NYJ,4
2562718,59.68241244,108.7367937,10.38302183,54.60383194,96,574,2020_04_DEN_NYJ,5
2562718,59.43969712,105.76966,10.83470745,53.06496911,97,574,2020_04_DEN_NYJ,6
2562718,58.9142224,100.8313981,11.15954883,50.43537056,98,574,2020_04_DEN_NYJ,7
2562718,57.71647442,96.77796122,11.30614698,47.97708464,99,574,2020_04_DEN_NYJ,8
2562718,56.29183472,94.32013554,11.29948885,47.15246569,100,574,2020_04_DEN_NYJ,9
2562718,54.50199,93.19886487,11.41759983,48.27099768,101,574,2020_04_DEN_NYJ,10
2562718,52.2777563,90.36657468,11.65273702,48.39454189,102,574,2020_04_DEN_NYJ,11
2562718,49.33276818,85.73727921,11.45869618,47.00107335,103,574,2020_04_DEN_NYJ,12
2562718,46.38662922,80.90150476,10.95651628,44.95184275,104,574,2020_04_DEN_NYJ,13
2562718,42.00863734,72.72594419,10.2627331,40.53761168,105,574,2020_04_DEN_NYJ,14
2562718,38.89882986,73.02497938,9.846833373,43.07844374,106,574,2020_04_DEN_NYJ,15
2562718,35.31850485,73.08697174,9.39310223,45.95110902,107,574,2020_04_DEN_NYJ,16
2562718,31.94970775,72.88115205,8.974893245,48.41619728,108,574,2020_04_DEN_NYJ,17
2561036,59.06403985,113.7664844,8.118356582,53.61263237,87,657,2020_04_DEN_NYJ,1
2561036,58.14659306,113.1764635,7.90832764,53.02261143,88,657,2020_04_DEN_NYJ,2
2561036,56.77184513,112.2598434,7.614339242,52.10599169,89,657,2020_04_DEN_NYJ,3
2561036,55.338712,111.2594136,7.33115737,51.10556175,90,657,2020_04_DEN_NYJ,4
2561036,53.84062697,110.1393258,7.057248254,49.98547405,91,657,2020_04_DEN_NYJ,5
2561036,52.29080818,108.879221,6.791220865,48.7253695,92,657,2020_04_DEN_NYJ,6
2561036,50.74182561,107.5498356,6.531780842,47.39598273,93,657,2020_04_DEN_NYJ,7
2561036,49.69291177,106.4587673,6.422675834,46.52253577,94,657,2020_04_DEN_NYJ,8
2561036,47.05675504,103.934738,6.318228385,45.20752377,95,657,2020_04_DEN_NYJ,9
2561036,44.55400223,100.6411566,6.202254648,43.13504557,96,657,2020_04_DEN_NYJ,10
2561036,42.08830085,97.23179236,6.075363511,41.0072333,97,657,2020_04_DEN_NYJ,11
2561036,40.0510795,94.30109569,5.96304096,39.2009237,98,657,2020_04_DEN_NYJ,12
2561036,60.27259855,118.1284222,9.799020529,57.97458026,84,686,2020_04_DEN_NYJ,1
2561036,59.66308771,118.0520719,9.751742343,57.89822996,85,686,2020_04_DEN_NYJ,2
2561036,59.04885521,117.9482874,9.696201896,57.79444525,86,686,2020_04_DEN_NYJ,3
2561036,58.43702995,117.8177666,9.632543576,57.66392464,87,686,2020_04_DEN_NYJ,4
2561036,57.82841113,117.6618253,9.558796979,57.50798335,88,686,2020_04_DEN_NYJ,5
2561036,57.22363559,117.4846647,9.473597102,57.33082266,89,686,2020_04_DEN_NYJ,6
2561036,56.32202477,117.0472329,9.437904527,57.71551915,90,686,2020_04_DEN_NYJ,7
2561036,54.21475854,115.2161853,9.433989111,58.32667674,91,686,2020_04_DEN_NYJ,8
2561036,52.12459378,112.6581489,9.448001435,58.16248513,92,686,2020_04_DEN_NYJ,9
2561036,49.96997125,109.574712,9.481328425,57.52125335,93,686,2020_04_DEN_NYJ,10
2561036,47.81656907,106.5411635,9.53339394,56.90572975,94,686,2020_04_DEN_NYJ,11
2561036,45.66638896,103.5305929,9.603354104,56.28900366,95,686,2020_04_DEN_NYJ,12
2561036,43.10313593,99.97630248,9.708966879,55.56379871,96,686,2020_04_DEN_NYJ,13
2561036,40.9089142,96.93535228,9.818194858,54.94087232,97,686,2020_04_DEN_NYJ,14
2561036,38.81402371,93.83517988,9.944183847,54.25872404,98,686,2020_04_DEN_NYJ,15
2561036,36.82779209,90.09455467,10.08630137,52.93612893,99,686,2020_04_DEN_NYJ,16
2561036,34.74801952,86.17378903,10.11761958,51.44320912,100,686,2020_04_DEN_NYJ,17
2561036,32.62278194,82.19518256,10.08216143,49.92161269,101,686,2020_04_DEN_NYJ,18
2561036,30.58242495,78.38143437,10.04142951,48.54054236,102,686,2020_04_DEN_NYJ,19
2561036,28.63637209,74.92440901,10.01098602,47.49187757,103,686,2020_04_DEN_NYJ,20
2561036,26.57657903,71.59117471,9.844044178,46.61564713,104,686,2020_04_DEN_NYJ,21
2561036,24.21029776,66.73267334,9.330729302,44.23848669,105,686,2020_04_DEN_NYJ,22
2561036,21.72301548,62.28074475,8.554983143,42.14625687,106,686,2020_04_DEN_NYJ,23
2561036,19.12961147,58.37489523,7.678599993,40.67309347,107,686,2020_04_DEN_NYJ,24
2561036,16.65964252,55.3516534,6.881726644,40.08252945,108,686,2020_04_DEN_NYJ,25
2561036,14.5448505,53.63020466,6.400465247,40.79376827,109,686,2020_04_DEN_NYJ,26
2561036,14.12656388,50.70413796,6.524521257,41.01160475,110,686,2020_04_DEN_NYJ,27
2561036,13.47677595,51.17228579,6.972827918,42.78830733,111,686,2020_04_DEN_NYJ,28
2561036,12.28115315,50.7462131,8.002837273,45.09205364,112,686,2020_04_DEN_NYJ,29
2561036,12.01936871,51.3087272,8.736474404,47.03957261,113,686,2020_04_DEN_NYJ,30
2561036,11.27406682,52.36587617,9.274570022,49.97025553,114,686,2020_04_DEN_NYJ,31
2561036,11.02775191,52.50960225,9.27552509,50.46424846,115,686,2020_04_DEN_NYJ,32
2561036,10.4302335,52.66559533,9.157522812,51.26810913,116,686,2020_04_DEN_NYJ,33
2561036,9.565721592,52.51712291,8.808421633,51.74959776,117,686,2020_04_DEN_NYJ,34
2561036,8.67529558,51.99897374,8.339246598,51.66292476,118,686,2020_04_DEN_NYJ,35
2561036,8.09363153,51.74995143,7.924316323,51.58063623,119,686,2020_04_DEN_NYJ,36
2561036,7.481515898,51.70270794,6.573082888,50.7768195,120,686,2020_04_DEN_NYJ,37
2561036,62.62569892,116.0758248,9.617164254,55.92200569,87,716,2020_04_DEN_NYJ,1
2561036,62.6256976,115.4593787,9.617164316,55.30556131,88,716,2020_04_DEN_NYJ,2
2561036,62.6240893,114.8082183,9.61555539,54.65439924,89,716,2020_04_DEN_NYJ,3
2561036,62.60947417,114.1283828,9.600940321,53.97456429,90,716,2020_04_DEN_NYJ,4
2561036,62.57962985,113.419564,9.571096267,53.26574531,91,716,2020_04_DEN_NYJ,5
2561036,62.53403408,112.6709184,9.525500514,52.51710101,92,716,2020_04_DEN_NYJ,6
2561036,62.47426742,111.8941139,9.465733397,51.74029711,93,716,2020_04_DEN_NYJ,7
2561036,62.32057228,111.2776028,9.302797077,51.34140683,94,716,2020_04_DEN_NYJ,8
2561036,59.53121768,110.5695464,8.651826452,51.84235753,95,716,2020_04_DEN_NYJ,9
2561036,55.75022777,108.2590523,8.090537931,50.74086979,96,716,2020_04_DEN_NYJ,10
2561036,51.78862294,103.899203,7.605639025,47.59002962,97,716,2020_04_DEN_NYJ,11
2561036,47.30628364,99.6539779,7.119527603,44.75934186,98,716,2020_04_DEN_NYJ,12
2561036,43.66785565,96.40937955,6.761517977,42.74431989,99,716,2020_04_DEN_NYJ,13
2561036,40.1561862,93.36813095,6.44663769,41.01161223,100,716,2020_04_DEN_NYJ,14
2561036,36.85112658,90.51254976,6.166511304,39.56978688,101,716,2020_04_DEN_NYJ,15
2561036,20.81658624,115.2354973,0.469397829,11.36834772,85,745,2020_04_DEN_NYJ,1
2561036,23.69244193,115.2253059,0.466605967,12.27766888,86,745,2020_04_DEN_NYJ,2
2561036,25.55667119,115.1692577,0.47396508,13.1785009,87,745,2020_04_DEN_NYJ,3
2561036,26.9128153,115.0757924,0.491475585,14.07252247,88,745,2020_04_DEN_NYJ,4
2561036,28.32547642,114.9017283,0.531216065,15.27154029,89,745,2020_04_DEN_NYJ,5
2561036,29.03744633,114.7756306,0.563940665,15.98803562,90,745,2020_04_DEN_NYJ,6
2561036,29.82978128,114.5996892,0.614074158,16.87983091,91,745,2020_04_DEN_NYJ,7
2561036,30.53403462,114.4082325,0.673913676,17.762313,92,745,2020_04_DEN_NYJ,8
2561036,31.92233499,114.1528963,0.82512609,19.3319425,93,745,2020_04_DEN_NYJ,9
2561036,38.69691921,110.8547516,2.110207044,25.89984194,94,745,2020_04_DEN_NYJ,10
2561036,39.94160948,109.8106765,2.491347019,27.38952419,95,745,2020_04_DEN_NYJ,11
2561036,41.82230186,107.7614286,3.196064894,30.12232564,96,745,2020_04_DEN_NYJ,12
2561036,43.15312961,105.6963546,3.890993963,32.8691225,97,745,2020_04_DEN_NYJ,13
2561036,44.00235931,103.5953673,4.623773506,35.67721538,98,745,2020_04_DEN_NYJ,14
2561036,44.12965356,101.1991768,5.520396544,38.91917721,99,745,2020_04_DEN_NYJ,15
2561036,43.47356429,99.16045001,6.350966779,41.74092824,100,745,2020_04_DEN_NYJ,16
2561036,42.3336172,97.15951999,7.243073656,44.60047421,101,745,2020_04_DEN_NYJ,17
2561036,40.46643887,94.83569534,8.009625708,46.89943939,102,745,2020_04_DEN_NYJ,18
2561036,37.75819959,92.54117783,7.952394209,47.05731398,103,745,2020_04_DEN_NYJ,19
2561036,35.02706042,90.20336576,7.922585495,47.17189383,104,745,2020_04_DEN_NYJ,20
2561036,32.25933176,87.86685383,7.91209445,47.28777374,105,745,2020_04_DEN_NYJ,21
2561036,29.54349078,85.64016858,7.90973406,47.51348046,106,745,2020_04_DEN_NYJ,22
2561036,27.04855016,83.61461166,7.900051861,47.94031665,107,745,2020_04_DEN_NYJ,23
2561036,24.73735124,82.09805528,7.861505561,49.30988727,108,745,2020_04_DEN_NYJ,24
2561036,22.56141188,81.01032837,7.763758573,52.07821236,109,745,2020_04_DEN_NYJ,25
2561036,20.51117091,78.89225958,7.613525509,54.45314876,110,745,2020_04_DEN_NYJ,26
2561036,18.60327471,77.33249914,7.458672459,56.64212035,111,745,2020_04_DEN_NYJ,27
2561036,17.39626858,75.70834534,7.334069947,57.86053271,112,745,2020_04_DEN_NYJ,28
2561036,16.71380907,75.8324542,7.092478112,56.90497473,113,745,2020_04_DEN_NYJ,29
2561036,16.17872445,75.86427138,6.9604107,56.222188,114,745,2020_04_DEN_NYJ,30
2561036,15.74477459,75.76291744,6.899651116,55.55781461,115,745,2020_04_DEN_NYJ,31
2561036,15.26472678,75.41076201,6.804480004,54.77745766,116,745,2020_04_DEN_NYJ,32
382,63.67368191,116.7969265,9.573716416,56.64308557,86,873,2020_04_DEN_NYJ,1
382,63.5799006,116.9153903,9.57166406,56.76154887,87,873,2020_04_DEN_NYJ,2
382,63.48920031,117.0220565,9.567938547,56.8682162,88,873,2020_04_DEN_NYJ,3
382,63.39195145,117.1161088,9.551982693,56.96226793,89,873,2020_04_DEN_NYJ,4
382,63.2844074,117.2002494,9.52235238,57.0464087,90,873,2020_04_DEN_NYJ,5
382,63.1694418,117.2718003,9.479467827,57.1179598,91,873,2020_04_DEN_NYJ,6
382,63.04713252,117.3310817,9.423517753,57.17724149,92,873,2020_04_DEN_NYJ,7
382,61.73389659,117.0421705,9.330837437,57.7346394,93,873,2020_04_DEN_NYJ,8
382,59.87919067,115.8093099,9.223776999,57.71079352,94,873,2020_04_DEN_NYJ,9
382,58.00180783,114.31054,9.123608057,57.42103594,95,873,2020_04_DEN_NYJ,10
382,56.11791766,112.7175239,9.031183503,57.02494465,96,873,2020_04_DEN_NYJ,11
382,54.18597315,111.0525367,8.944592568,56.56897172,97,873,2020_04_DEN_NYJ,12
382,52.22074417,109.3593095,8.864760214,56.08475758,98,873,2020_04_DEN_NYJ,13
382,49.91020587,107.3805949,8.779179789,55.53267541,99,873,2020_04_DEN_NYJ,14
382,48.05441489,105.828238,8.714517633,55.17724635,100,873,2020_04_DEN_NYJ,15
382,46.25609083,104.5032558,8.65575409,55.06127597,101,873,2020_04_DEN_NYJ,16
382,44.53215235,103.0933482,8.603515792,54.8603804,102,873,2020_04_DEN_NYJ,17
382,43.12555491,101.6193777,8.788253761,55.15157336,103,873,2020_04_DEN_NYJ,18
382,41.27679833,99.7840449,9.049700307,55.73426596,104,873,2020_04_DEN_NYJ,19
382,39.4865527,97.98799354,9.308122577,56.33206656,105,873,2020_04_DEN_NYJ,20
382,37.69797858,96.10776444,9.572492582,56.89404432,106,873,2020_04_DEN_NYJ,21
382,35.97905555,94.18691252,9.833191111,57.36703659,107,873,2020_04_DEN_NYJ,22
382,34.2576018,92.10227159,10.10135854,57.72498685,108,873,2020_04_DEN_NYJ,23
382,32.58268084,89.81540394,10.36941636,58.09071877,109,873,2020_04_DEN_NYJ,24
382,30.9538581,87.08452631,10.6402479,58.62859277,110,873,2020_04_DEN_NYJ,25
382,29.34002851,83.7886976,10.92336731,59.3720409,111,873,2020_04_DEN_NYJ,26
382,27.75545912,81.12456635,11.2157489,60.34436015,112,873,2020_04_DEN_NYJ,27
2562718,61.78349054,115.0260904,9.48778746,54.87224852,95,996,2020_04_DEN_NYJ,1
2562718,60.60744824,113.4510374,8.942695981,53.2971954,96,996,2020_04_DEN_NYJ,2
2562718,59.35054637,111.7713438,8.41304343,51.61750277,97,996,2020_04_DEN_NYJ,3
2562718,58.00131815,110.0550823,7.897591306,49.90124093,98,996,2020_04_DEN_NYJ,4
2562718,56.5441161,108.3201986,7.394414431,48.16635713,99,996,2020_04_DEN_NYJ,5
2562718,54.95765117,106.5953945,6.905556427,46.46098332,100,996,2020_04_DEN_NYJ,6
2562718,53.21286517,104.8930562,6.447113759,44.86070121,101,996,2020_04_DEN_NYJ,7
2562718,51.26957812,103.2160736,6.019633417,43.37745709,102,996,2020_04_DEN_NYJ,8
2562718,49.14534975,100.7348941,5.62065075,41.59254379,103,996,2020_04_DEN_NYJ,9
2562718,46.9639167,97.41918444,5.596110661,41.4109172,104,996,2020_04_DEN_NYJ,10
2562718,44.03664976,94.19780986,5.572023908,41.55396021,105,996,2020_04_DEN_NYJ,11
2562718,41.17675563,89.11900761,5.546884638,39.77622088,106,996,2020_04_DEN_NYJ,12
2562718,38.51609766,85.58731588,5.519100282,39.45466064,107,996,2020_04_DEN_NYJ,13
2562718,35.45836715,81.56646186,5.478461872,39.2881143,108,996,2020_04_DEN_NYJ,14
2562718,33.58757036,79.09353751,5.446757046,39.25746073,109,996,2020_04_DEN_NYJ,15
2562718,31.50503056,76.36298008,5.402914498,39.31533811,110,996,2020_04_DEN_NYJ,16
2562718,29.42763162,73.71695268,5.347408677,39.51595686,111,996,2020_04_DEN_NYJ,17
2562718,27.44368517,75.5455109,5.271953173,44.1003782,112,996,2020_04_DEN_NYJ,18
2562718,25.81664055,73.53026801,5.214885435,44.03594411,113,996,2020_04_DEN_NYJ,19
2562718,24.43856562,66.57250947,4.963449925,38.97154308,114,996,2020_04_DEN_NYJ,20
2562718,22.55144043,62.90137258,4.636085872,37.1174684,115,996,2020_04_DEN_NYJ,21
2562718,20.46474984,58.95990657,4.266000827,35.22909268,116,996,2020_04_DEN_NYJ,22
2562718,17.49216945,53.94393381,3.72407279,33.24412117,117,996,2020_04_DEN_NYJ,23
2562718,16.45454059,52.81548954,3.530428732,33.21566946,118,996,2020_04_DEN_NYJ,24
2562718,14.99441208,54.46580469,3.251792282,36.48134524,119,996,2020_04_DEN_NYJ,25
2562718,13.68336696,57.78818981,3.023179906,41.48579801,120,996,2020_04_DEN_NYJ,26
2562718,12.46139178,63.82113414,2.886027295,48.74762713,121,996,2020_04_DEN_NYJ,27
2562718,41.69725106,113.3665328,1.613054032,19.33469132,86,1065,2020_04_DEN_NYJ,1
2562718,44.70654879,111.9978811,1.850307131,21.70231572,87,1065,2020_04_DEN_NYJ,2
2562718,47.13864986,110.4988697,2.146672673,24.07617788,88,1065,2020_04_DEN_NYJ,3
2562718,49.11580822,108.710078,2.522033376,26.48008108,89,1065,2020_04_DEN_NYJ,4
2562718,50.71262535,105.913048,2.999403387,28.92483664,90,1065,2020_04_DEN_NYJ,5
2562718,51.97107225,100.3903692,3.599751817,31.42005325,91,1065,2020_04_DEN_NYJ,6
2562718,52.68763593,98.08962972,4.326808883,34.04981022,92,1065,2020_04_DEN_NYJ,7
2562718,51.80011691,95.71676838,4.844209227,35.81355782,93,1065,2020_04_DEN_NYJ,8
2562718,50.15356155,94.94511357,5.683018124,39.13559158,94,1065,2020_04_DEN_NYJ,9
2562718,48.22488798,94.21294336,6.422228937,42.52870275,95,1065,2020_04_DEN_NYJ,10
2562718,46.07864738,93.54647014,7.108974428,46.01258166,96,1065,2020_04_DEN_NYJ,11
2562718,43.75389032,92.98865638,7.764884641,49.62350221,97,1065,2020_04_DEN_NYJ,12
2562718,41.27016481,92.4131073,8.39214112,53.22830774,98,1065,2020_04_DEN_NYJ,13
2562718,38.64591951,91.86520321,8.991832193,56.86548939,99,1065,2020_04_DEN_NYJ,14
2562718,35.49675515,90.56190025,9.701079137,60.82456909,100,1065,2020_04_DEN_NYJ,15
2562718,32.68067095,88.42590081,10.35596902,64.13283895,101,1065,2020_04_DEN_NYJ,16
2562718,30.16527699,86.54764354,10.96143709,66.20268286,102,1065,2020_04_DEN_NYJ,17
2562718,28.11557776,84.88953259,10.62409271,65.31143868,103,1065,2020_04_DEN_NYJ,18
2562718,26.70834399,84.48588958,10.03681631,64.50425492,104,1065,2020_04_DEN_NYJ,19
2562718,25.45373315,84.93810722,9.513411706,64.14677346,105,1065,2020_04_DEN_NYJ,20
2562718,24.30110961,85.27458811,9.032349249,64.29576245,106,1065,2020_04_DEN_NYJ,21
2562718,23.25229214,85.59094525,8.593865973,64.83292627,107,1065,2020_04_DEN_NYJ,22
2562718,22.25820314,86.04598306,8.160561923,65.37673417,108,1065,2020_04_DEN_NYJ,23
2562718,21.31410983,86.64243079,7.723159135,65.91048066,109,1065,2020_04_DEN_NYJ,24
2562718,20.40887962,87.34981518,7.278428783,66.39060767,110,1065,2020_04_DEN_NYJ,25
2562718,19.51188796,86.13715506,6.818401602,64.76162341,111,1065,2020_04_DEN_NYJ,26
382,59.02525127,111.4933458,7.91757991,51.33948126,81,1142,2020_04_DEN_NYJ,1
382,59.02525127,111.3324003,7.91757991,51.17853551,82,1142,2020_04_DEN_NYJ,2
382,59.02525127,111.179537,7.91757991,51.02567272,83,1142,2020_04_DEN_NYJ,3
382,59.02525127,111.0340905,7.91757991,50.88022591,84,1142,2020_04_DEN_NYJ,4
382,59.02525127,110.8951774,7.91757991,50.74131256,85,1142,2020_04_DEN_NYJ,5
382,57.99562594,109.8987598,7.824628649,50.2405908,86,1142,2020_04_DEN_NYJ,6
382,55.49709805,107.6940228,7.607699323,49.2206874,87,1142,2020_04_DEN_NYJ,7
382,52.9168808,105.405785,7.395873223,48.12937264,88,1142,2020_04_DEN_NYJ,8
382,50.24928854,103.0565326,7.189212794,46.98913438,89,1142,2020_04_DEN_NYJ,9
382,47.51506187,100.6703319,6.989826722,45.81194859,90,1142,2020_04_DEN_NYJ,10
382,44.76618765,98.2630658,6.79773321,44.61369356,91,1142,2020_04_DEN_NYJ,11
382,42.11211167,95.85939683,6.61299239,43.42636126,92,1142,2020_04_DEN_NYJ,12
382,39.62944158,93.4658629,6.435681808,42.30690596,93,1142,2020_04_DEN_NYJ,13
382,37.32073608,91.09030298,6.26587219,41.27854556,94,1142,2020_04_DEN_NYJ,14
382,35.17396352,88.7424763,6.103612542,40.36043048,95,1142,2020_04_DEN_NYJ,15
382,32.21059315,86.54249003,5.775820989,39.44123565,96,1142,2020_04_DEN_NYJ,16
382,29.25671383,82.76761764,5.419305797,37.26387382,97,1142,2020_04_DEN_NYJ,17
2561036,58.60104227,115.1440246,8.511475694,54.99019159,79,1283,2020_04_DEN_NYJ,1
2561036,58.55622502,115.0904571,8.604461738,55.16633312,80,1283,2020_04_DEN_NYJ,2
2561036,58.20575505,114.3552645,9.171730307,55.95450169,81,1283,2020_04_DEN_NYJ,3
2561036,57.94458653,113.6494271,9.448039607,56.13124315,82,1283,2020_04_DEN_NYJ,4
2561036,57.40241182,112.3561205,9.789037185,56.26456855,83,1283,2020_04_DEN_NYJ,5
2561036,56.7961013,111.1458154,9.950026492,56.2511914,84,1283,2020_04_DEN_NYJ,6
2561036,55.98639239,109.8208753,10.08448369,56.13526328,85,1283,2020_04_DEN_NYJ,7
2561036,54.89820862,108.369372,10.2256496,55.89277197,86,1283,2020_04_DEN_NYJ,8
2561036,53.72985582,106.0973836,10.37357514,54.82980297,87,1283,2020_04_DEN_NYJ,9
2561036,52.53621167,104.659219,10.54100989,54.69737322,88,1283,2020_04_DEN_NYJ,10
2561036,51.58640587,103.4383488,10.69003744,54.58879628,89,1283,2020_04_DEN_NYJ,11
2561036,50.82509728,101.2993396,10.74616641,53.68386264,90,1283,2020_04_DEN_NYJ,12
2561036,58.67499707,111.0515425,8.273805881,50.89771324,85,1425,2020_04_DEN_NYJ,1
2561036,58.6430102,110.9692359,8.331652372,50.81540725,86,1425,2020_04_DEN_NYJ,2
2561036,58.61942455,110.8636984,8.389015957,50.70986911,87,1425,2020_04_DEN_NYJ,3
2561036,58.60459755,110.736485,8.444802255,50.5826557,88,1425,2020_04_DEN_NYJ,4
2561036,58.09849446,110.4545801,8.489601594,50.68763241,89,1425,2020_04_DEN_NYJ,5
2561036,55.24778935,108.379302,8.409782335,50.81275635,90,1425,2020_04_DEN_NYJ,6
2561036,52.12583417,105.1932651,8.331524068,50.02055976,91,1425,2020_04_DEN_NYJ,7
2561036,48.91667299,101.9648211,8.25982527,49.23431406,92,1425,2020_04_DEN_NYJ,8
2561036,45.75669943,98.84947358,8.196738126,48.51281,93,1425,2020_04_DEN_NYJ,9
2561036,42.71725266,95.7772096,8.139662613,47.85856964,94,1425,2020_04_DEN_NYJ,10
2561036,39.86817582,92.79169782,8.088853147,47.29107981,95,1425,2020_04_DEN_NYJ,11
2561036,37.20861762,89.8718943,8.043985007,46.78929852,96,1425,2020_04_DEN_NYJ,12
2561036,34.32231148,86.18258052,7.998670227,46.00652772,97,1425,2020_04_DEN_NYJ,13
2561036,32.02803143,81.65122536,7.965769663,44.68635011,98,1425,2020_04_DEN_NYJ,14
2561036,30.52478221,72.69934867,7.940574237,43.04482888,99,1425,2020_04_DEN_NYJ,15
2561036,27.72066207,71.47243492,7.354892467,40.76989219,100,1425,2020_04_DEN_NYJ,16
2561036,25.21232798,66.39156584,6.817309595,37.29390443,101,1425,2020_04_DEN_NYJ,17
2561036,22.91102878,61.40580599,6.306079373,33.89119785,102,1425,2020_04_DEN_NYJ,18
2561036,20.73924647,56.8043965,5.80294168,30.89626717,103,1425,2020_04_DEN_NYJ,19
2561036,18.91326674,52.97400846,5.35955999,28.5137104,104,1425,2020_04_DEN_NYJ,20
2561036,17.17303432,49.34850848,4.914397099,26.36252086,105,1425,2020_04_DEN_NYJ,21
2561036,15.45686366,45.80813546,4.44834957,24.38060535,106,1425,2020_04_DEN_NYJ,22
2561036,14.11201296,43.07470111,4.071988707,22.95782556,107,1425,2020_04_DEN_NYJ,23
2561036,12.6391347,40.05589816,3.654367505,21.64176376,108,1425,2020_04_DEN_NYJ,24
2561036,11.53488286,36.89327836,3.344702094,21.22981816,109,1425,2020_04_DEN_NYJ,25
2561036,11.1463398,34.86925641,3.249374299,20.94074712,110,1425,2020_04_DEN_NYJ,26
2561036,10.69555563,34.98189257,3.14478157,20.58369891,111,1425,2020_04_DEN_NYJ,27
2561036,10.25216036,35.41047389,3.046875968,20.55280066,112,1425,2020_04_DEN_NYJ,28
2561036,10.06692976,35.5724591,3.006628465,20.51945698,113,1425,2020_04_DEN_NYJ,29
2561036,8.864282371,39.35045615,2.740681359,22.12598274,114,1425,2020_04_DEN_NYJ,30
2561036,8.772695881,42.17055148,2.735783397,22.83613758,115,1425,2020_04_DEN_NYJ,31
2561036,59.67404205,109.9489771,8.477596823,49.79512428,101,1468,2020_04_DEN_NYJ,1
2561036,58.94015391,109.3129822,8.292528603,49.15912943,102,1468,2020_04_DEN_NYJ,2
2561036,58.18130291,108.6194744,8.09792585,48.46562279,103,1468,2020_04_DEN_NYJ,3
2561036,57.40137935,107.8965719,7.898093312,47.74271993,104,1468,2020_04_DEN_NYJ,4
2561036,54.71436492,105.8107986,8.014616301,48.15960508,105,1468,2020_04_DEN_NYJ,5
2561036,51.36896859,102.4222457,8.310444716,48.39809004,106,1468,2020_04_DEN_NYJ,6
2561036,48.00821223,98.94830681,8.590922092,48.55119744,107,1468,2020_04_DEN_NYJ,7
2561036,44.62892012,95.41509626,8.852871036,48.64502532,108,1468,2020_04_DEN_NYJ,8
2561036,41.25014356,91.83551689,9.076780071,48.69249141,109,1468,2020_04_DEN_NYJ,9
2561036,37.8362692,88.08951461,9.230946777,48.68234201,110,1468,2020_04_DEN_NYJ,10
2561036,34.64120313,84.50394962,9.259118316,48.61500823,111,1468,2020_04_DEN_NYJ,11
2561036,31.40459573,80.51881979,9.269046148,48.32945578,112,1468,2020_04_DEN_NYJ,12
2561036,28.43403681,76.62235352,9.280192272,47.98749561,113,1468,2020_04_DEN_NYJ,13
2561036,25.51462352,72.68457265,9.293168119,47.7130273,114,1468,2020_04_DEN_NYJ,14
2561036,24.22859252,69.33062373,8.882560145,45.08448602,115,1468,2020_04_DEN_NYJ,15
2561036,22.81827111,66.19516328,8.085837371,41.94902647,116,1468,2020_04_DEN_NYJ,16
2561036,21.42486144,63.02356563,7.30725439,38.77742911,117,1468,2020_04_DEN_NYJ,17
2561036,20.05087263,59.83536297,6.542683009,35.5892247,118,1468,2020_04_DEN_NYJ,18
2561036,18.66149623,56.49065572,5.756852181,32.25779243,119,1468,2020_04_DEN_NYJ,19
2561036,17.13330904,52.09652856,4.973701101,29.19527613,120,1468,2020_04_DEN_NYJ,20
2561036,15.35473047,46.15153568,4.27346328,28.52605474,121,1468,2020_04_DEN_NYJ,21
2561036,13.68148418,41.76297887,3.650193877,27.19550936,122,1468,2020_04_DEN_NYJ,22
2561036,11.83509934,39.52232228,3.00703155,26.21715849,123,1468,2020_04_DEN_NYJ,23
2561036,10.33192285,38.75275727,2.520570492,26.21600441,124,1468,2020_04_DEN_NYJ,24
2562718,67.06386376,117.6749002,10.87848465,57.52104283,93,1713,2020_04_DEN_NYJ,1
2562718,65.70513416,116.9658582,10.2852354,56.81200082,94,1713,2020_04_DEN_NYJ,2
2562718,64.35516333,116.2582449,9.759450546,56.10438751,95,1713,2020_04_DEN_NYJ,3
2562718,62.95843867,115.5196857,9.276683512,55.36582897,96,1713,2020_04_DEN_NYJ,4
2562718,61.36430792,114.7087234,8.793969597,54.55486627,97,1713,2020_04_DEN_NYJ,5
2562718,59.62638854,113.8945375,8.340586131,53.74068054,98,1713,2020_04_DEN_NYJ,6
2562718,57.72071171,113.081338,7.918342075,52.92748026,99,1713,2020_04_DEN_NYJ,7
2562718,55.59215857,112.0701421,7.52057026,51.91628476,100,1713,2020_04_DEN_NYJ,8
2562718,53.2459278,110.900065,7.151116105,50.74620806,101,1713,2020_04_DEN_NYJ,9
2562718,51.68589261,109.2682295,6.922692807,49.11437219,102,1713,2020_04_DEN_NYJ,10
2562718,49.7232082,105.6179678,7.148661375,48.3534299,103,1713,2020_04_DEN_NYJ,11
2562718,46.94078517,100.2079869,7.486822618,47.46591255,104,1713,2020_04_DEN_NYJ,12
2562718,44.05800543,94.44728244,7.839215588,46.20863978,105,1713,2020_04_DEN_NYJ,13
2562718,41.0762868,88.7888273,8.196896072,45.03321288,106,1713,2020_04_DEN_NYJ,14
2562718,38.02662493,83.10867215,8.55254992,43.81338451,107,1713,2020_04_DEN_NYJ,15
2562718,35.02571428,77.62041065,8.895541532,42.69324951,108,1713,2020_04_DEN_NYJ,16
2562718,32.1009321,72.22710793,9.232700365,41.80656819,109,1713,2020_04_DEN_NYJ,17
2562718,29.26255084,66.07979337,9.495138369,41.7431432,110,1713,2020_04_DEN_NYJ,18
2562718,26.40365751,59.70094254,9.654428655,42.90766938,111,1713,2020_04_DEN_NYJ,19
2562718,24.02140521,57.76788746,9.766552207,43.51303446,112,1713,2020_04_DEN_NYJ,20
2562718,21.92007816,55.43342926,8.723389684,41.85479981,113,1713,2020_04_DEN_NYJ,21
2562718,19.60460015,53.50519521,7.634073416,38.45992396,114,1713,2020_04_DEN_NYJ,22
2562718,17.79431227,50.73167096,6.831545384,35.61165695,115,1713,2020_04_DEN_NYJ,23
2562718,63.99415434,110.0467302,9.0976585,49.89289939,98,1790,2020_04_DEN_NYJ,1
2562718,62.98445676,108.6527221,8.755353843,48.4988924,99,1790,2020_04_DEN_NYJ,2
2562718,61.93546027,107.2157331,8.429263159,47.06190326,100,1790,2020_04_DEN_NYJ,3
2562718,60.83915394,105.7729914,8.115406571,45.62178539,101,1790,2020_04_DEN_NYJ,4
2562718,59.53174786,104.115235,7.775395314,44.09359638,102,1790,2020_04_DEN_NYJ,5
2562718,58.41466496,101.883031,7.537919232,42.42375715,103,1790,2020_04_DEN_NYJ,6
2562718,55.07480846,99.12629773,7.114160381,41.21273115,104,1790,2020_04_DEN_NYJ,7
2562718,51.18523669,95.9554913,6.675778901,39.92064309,105,1790,2020_04_DEN_NYJ,8
2562718,47.81978946,93.18641341,6.361400453,38.88749378,106,1790,2020_04_DEN_NYJ,9
2562718,44.15652671,89.83403497,6.064022016,37.77105035,107,1790,2020_04_DEN_NYJ,10
2562718,28.69120148,94.8031886,5.285291926,52.68799382,108,1790,2020_04_DEN_NYJ,11
2562718,27.92709725,75.26947064,5.249816429,41.09932311,109,1790,2020_04_DEN_NYJ,12
2562718,51.23513989,96.66401149,7.912550068,42.65859115,102,1814,2020_04_DEN_NYJ,1
2562718,47.88488116,93.15506295,7.683960863,41.69155388,103,1814,2020_04_DEN_NYJ,2
2562718,44.55890269,90.36010639,7.438808939,41.67609594,104,1814,2020_04_DEN_NYJ,3
2562718,41.34763506,87.21942293,7.174756095,41.8809717,105,1814,2020_04_DEN_NYJ,4
2562718,38.41554466,83.48085523,6.905403038,42.13178383,106,1814,2020_04_DEN_NYJ,5
2562718,35.5543318,79.54706113,6.610869107,42.31560654,107,1814,2020_04_DEN_NYJ,6
2562718,32.76103687,75.6015004,6.289930257,42.4342008,108,1814,2020_04_DEN_NYJ,7
2562718,29.99782528,69.95086551,6.024435259,41.55006291,109,1814,2020_04_DEN_NYJ,8
2562718,27.01629855,62.97752919,5.537474059,39.12687949,110,1814,2020_04_DEN_NYJ,9
2562718,24.00600908,57.46743686,5.126034958,37.49391676,111,1814,2020_04_DEN_NYJ,10
2562718,20.81432502,53.55162861,4.759767319,37.21825237,112,1814,2020_04_DEN_NYJ,11
2562718,17.61250492,52.24784389,4.418451143,39.05379012,113,1814,2020_04_DEN_NYJ,12
2562718,13.96970227,54.03796805,3.856274719,38.63838145,114,1814,2020_04_DEN_NYJ,13
2561036,59.02525127,110.0904621,7.91757991,49.93659647,85,2044,2020_04_DEN_NYJ,1
2561036,59.02525127,109.950798,7.91757991,49.79693236,86,2044,2020_04_DEN_NYJ,2
2561036,50.24264996,103.5289719,7.551655443,48.42878528,87,2044,2020_04_DEN_NYJ,3
2561036,48.08334591,102.0423686,7.453899731,48.16328106,88,2044,2020_04_DEN_NYJ,4
2561036,45.75401175,100.4708621,7.335402602,47.9942359,89,2044,2020_04_DEN_NYJ,5
2561036,43.85504472,99.2446124,7.227737404,47.98908502,90,2044,2020_04_DEN_NYJ,6
2561036,42.09764663,98.1875823,7.117321962,48.12898194,91,2044,2020_04_DEN_NYJ,7
2561036,40.39973956,97.22233734,6.998955116,48.38484281,92,2044,2020_04_DEN_NYJ,8
2561036,39.1581499,96.07730202,6.962735567,48.32792016,93,2044,2020_04_DEN_NYJ,9
2561036,37.10911016,93.53217775,7.127157356,48.22500225,94,2044,2020_04_DEN_NYJ,10
2561036,35.15303686,90.55966174,7.286346015,47.67051571,95,2044,2020_04_DEN_NYJ,11
2561036,33.24500262,87.63853348,7.43744811,47.19159591,96,2044,2020_04_DEN_NYJ,12
2561036,31.42699929,84.94843201,7.567139241,46.89534054,97,2044,2020_04_DEN_NYJ,13
2561036,29.65597971,82.57669305,7.678055951,46.91745135,98,2044,2020_04_DEN_NYJ,14
2561036,27.87594453,81.53300863,7.772149867,48.34015556,99,2044,2020_04_DEN_NYJ,15
2561036,26.08224629,82.97235661,7.737969861,52.17334865,100,2044,2020_04_DEN_NYJ,16
2561036,24.1114771,81.43428756,7.471163184,53.02912495,101,2044,2020_04_DEN_NYJ,17
2561036,21.63522841,80.2466379,6.957020279,54.69475247,102,2044,2020_04_DEN_NYJ,18
2561036,20.12966693,76.82730928,6.369548732,52.20165792,103,2044,2020_04_DEN_NYJ,19
2561036,18.39993417,66.08579803,5.285625367,42.90353986,104,2044,2020_04_DEN_NYJ,20
2561036,16.33175155,57.93871721,4.942704286,36.11521584,105,2044,2020_04_DEN_NYJ,21
2561036,14.76683785,51.80451714,4.92023185,31.73823599,106,2044,2020_04_DEN_NYJ,22
2561036,13.63433148,45.83285848,5.166423364,27.46236256,107,2044,2020_04_DEN_NYJ,23
2561036,13.32099881,42.71960384,5.417593406,25.02209715,108,2044,2020_04_DEN_NYJ,24
2561036,13.31320634,39.71986599,5.827225758,22.35017363,109,2044,2020_04_DEN_NYJ,25
2561036,13.46562065,37.88358498,6.210389863,19.96896552,110,2044,2020_04_DEN_NYJ,26
2561036,13.60577824,37.04388311,6.538179983,18.29953052,111,2044,2020_04_DEN_NYJ,27
2561036,13.79820213,36.96666111,6.906939742,17.59662629,112,2044,2020_04_DEN_NYJ,28
2561036,13.9148281,38.8542766,7.172344242,17.6332983,113,2044,2020_04_DEN_NYJ,29
2561036,13.38821378,43.8267748,7.262569886,17.75498775,114,2044,2020_04_DEN_NYJ,30
2561036,12.99958189,49.41398003,7.654624886,18.29514646,115,2044,2020_04_DEN_NYJ,31
2561036,11.33846235,54.88299132,6.918862027,17.96450079,116,2044,2020_04_DEN_NYJ,32
2561036,9.62047544,58.32055086,5.60093904,16.68124584,117,2044,2020_04_DEN_NYJ,33
2561036,8.168132118,60.6572057,4.447341283,15.23693246,118,2044,2020_04_DEN_NYJ,34
2561036,6.476714747,62.94579575,3.174028477,13.3146419,119,2044,2020_04_DEN_NYJ,35
2561036,57.46180385,112.2915232,7.946803634,52.3190512,88,2095,2020_04_DEN_NYJ,1
2561036,55.78785264,111.2992131,8.13526643,52.64456669,89,2095,2020_04_DEN_NYJ,2
2561036,54.0251609,110.027069,8.283999794,52.65397695,90,2095,2020_04_DEN_NYJ,3
2561036,52.44465601,108.8771421,8.376776221,52.62843345,91,2095,2020_04_DEN_NYJ,4
2561036,50.72025352,107.4819278,8.416415869,52.45431995,92,2095,2020_04_DEN_NYJ,5
2561036,49.03145863,105.9701935,8.403641703,52.13951276,93,2095,2020_04_DEN_NYJ,6
2561036,47.33320047,104.3183202,8.346317218,51.69665197,94,2095,2020_04_DEN_NYJ,7
2561036,45.20904812,102.1581108,8.217404746,51.05980199,95,2095,2020_04_DEN_NYJ,8
2561036,43.97000086,100.8520073,8.113583478,50.64836359,96,2095,2020_04_DEN_NYJ,9
2561036,42.30332804,99.06962729,7.939206823,50.07500231,97,2095,2020_04_DEN_NYJ,10
2561036,39.50151688,96.42630993,7.945318483,50.34540543,98,2095,2020_04_DEN_NYJ,11
2561036,20.26714931,73.60509489,9.03432965,54.18290263,99,2095,2020_04_DEN_NYJ,12
2561036,18.05405696,70.56268982,9.124946707,54.73125835,100,2095,2020_04_DEN_NYJ,13
2561036,16.63589961,68.66449011,9.185392412,55.22690204,101,2095,2020_04_DEN_NYJ,14
2561036,15.65584282,66.33556719,9.009798904,54.42726386,102,2095,2020_04_DEN_NYJ,15
2561036,14.91727756,64.5594287,8.524006909,52.96998204,103,2095,2020_04_DEN_NYJ,16
2561036,14.20444779,62.92166294,8.061908382,51.67181881,104,2095,2020_04_DEN_NYJ,17
2561036,13.527862,61.49003402,7.617310076,50.58038492,105,2095,2020_04_DEN_NYJ,18
2561036,12.83608118,60.04658112,7.138777867,49.47803728,106,2095,2020_04_DEN_NYJ,19
2561036,12.13615695,58.74807613,6.633361342,48.52214104,107,2095,2020_04_DEN_NYJ,20
2561036,11.43553699,57.65671114,6.106842063,47.77267196,108,2095,2020_04_DEN_NYJ,21
2561036,10.45317905,56.49497333,5.338322936,46.92472578,109,2095,2020_04_DEN_NYJ,22
2561036,9.92716761,56.07179336,4.911712219,46.45550636,110,2095,2020_04_DEN_NYJ,23
2561036,36.7792354,97.95205468,6.112264166,44.91226601,91,2117,2020_04_DEN_NYJ,1
2561036,37.19666926,94.8345919,6.069301127,43.22780955,92,2117,2020_04_DEN_NYJ,2
2561036,37.5573327,91.56201324,6.045487973,41.58142197,93,2117,2020_04_DEN_NYJ,3
2561036,37.85251999,87.73388977,6.03327933,39.77637099,94,2117,2020_04_DEN_NYJ,4
2561036,37.89754212,84.63052106,6.028629773,38.26979431,95,2117,2020_04_DEN_NYJ,5
2561036,37.70099153,81.4626098,6.385455883,37.94106708,96,2117,2020_04_DEN_NYJ,6
2561036,36.8349807,77.08017736,7.03904838,37.92467012,97,2117,2020_04_DEN_NYJ,7
2561036,35.36665552,73.42598305,7.637992531,38.47063391,98,2117,2020_04_DEN_NYJ,8
2561036,33.0190517,70.35345122,7.839716548,39.63528498,99,2117,2020_04_DEN_NYJ,9
2561036,29.72262847,69.03514212,7.900248802,42.36358911,100,2117,2020_04_DEN_NYJ,10
2561036,26.11153745,68.38641971,7.862709449,45.89244344,101,2117,2020_04_DEN_NYJ,11
2561036,58.54300176,112.6676751,8.622974104,52.5138214,85,2146,2020_04_DEN_NYJ,1
2561036,58.49527405,112.1956438,8.559787641,52.04179016,86,2146,2020_04_DEN_NYJ,2
2561036,58.44098223,111.8094006,8.484894321,51.65554671,87,2146,2020_04_DEN_NYJ,3
2561036,56.49691613,110.9144306,8.38968767,52.04213029,88,2146,2020_04_DEN_NYJ,4
2561036,52.63399089,107.4707531,8.209883026,51.11320297,89,2146,2020_04_DEN_NYJ,5
2561036,49.07911831,104.2065658,8.043876267,50.17032259,90,2146,2020_04_DEN_NYJ,6
2561036,45.44346516,100.860578,7.881694212,49.24236173,91,2146,2020_04_DEN_NYJ,7
2561036,41.94928696,97.60110033,7.735296364,48.40090866,92,2146,2020_04_DEN_NYJ,8
2561036,38.25902961,93.87718354,7.588536142,47.48190758,93,2146,2020_04_DEN_NYJ,9
2561036,35.8139884,91.13246279,7.498897386,46.76833075,94,2146,2020_04_DEN_NYJ,10
2561036,33.1312748,87.82775231,7.411737882,45.88164432,95,2146,2020_04_DEN_NYJ,11
2561036,30.68074729,84.54286243,7.350897987,45.01478737,96,2146,2020_04_DEN_NYJ,12
2561036,28.59425985,81.55744944,7.319743357,44.27814018,97,2146,2020_04_DEN_NYJ,13
2561036,26.68013468,77.895382,7.268714994,43.17917789,98,2146,2020_04_DEN_NYJ,14
2561036,24.68806822,73.2897592,7.100862346,41.37847088,99,2146,2020_04_DEN_NYJ,15
2561036,22.41170754,71.1242904,6.916651949,41.63102753,100,2146,2020_04_DEN_NYJ,16
2561036,20.01799693,63.85021196,6.703621961,38.81892648,101,2146,2020_04_DEN_NYJ,17
2561036,17.71056301,60.27171177,6.456987164,38.15729109,102,2146,2020_04_DEN_NYJ,18
2561036,15.88427631,58.09578907,6.22946033,38.78169879,103,2146,2020_04_DEN_NYJ,19
2561036,14.07248635,56.80033747,5.972204779,40.33618869,104,2146,2020_04_DEN_NYJ,20
2561036,12.3778181,56.73634895,5.700016047,42.7882366,105,2146,2020_04_DEN_NYJ,21
2561036,10.84188654,56.61004202,5.42408913,44.62160449,106,2146,2020_04_DEN_NYJ,22
2561036,9.441536639,56.55556321,5.150587386,46.42304959,107,2146,2020_04_DEN_NYJ,23
2561036,8.842102023,56.25863575,4.807232957,46.58932,108,2146,2020_04_DEN_NYJ,24
2561036,8.183238837,55.66834518,4.343800544,46.15828117,109,2146,2020_04_DEN_NYJ,25
2561036,7.548695942,55.21472938,3.898917862,46.433216,110,2146,2020_04_DEN_NYJ,26
2561036,6.882495491,54.19550073,3.461077747,46.2471322,111,2146,2020_04_DEN_NYJ,27
2561036,6.317526996,53.3870822,3.090956828,45.81361181,112,2146,2020_04_DEN_NYJ,28
2561036,59.6746596,113.214621,8.746503864,53.06075316,86,2170,2020_04_DEN_NYJ,1
2561036,58.94301228,112.6922095,8.58583854,52.53834151,87,2170,2020_04_DEN_NYJ,2
2561036,57.20729451,111.5736478,8.409552565,52.26608973,88,2170,2020_04_DEN_NYJ,3
2561036,54.92484197,109.5257435,8.235015514,51.58436762,89,2170,2020_04_DEN_NYJ,4
2561036,53.4443782,108.1704204,8.113753899,51.09953639,90,2170,2020_04_DEN_NYJ,5
2561036,51.29132229,106.1874567,7.926082775,50.36185883,91,2170,2020_04_DEN_NYJ,6
2561036,49.30604651,104.2984459,7.735299799,49.63350179,92,2170,2020_04_DEN_NYJ,7
2561036,47.14333464,102.1540001,7.503213811,48.78270044,93,2170,2020_04_DEN_NYJ,8
2561036,45.40138145,100.3649166,7.295555642,48.05754937,94,2170,2020_04_DEN_NYJ,9
2561036,42.75029302,97.54443629,6.939812789,46.89341827,95,2170,2020_04_DEN_NYJ,10
2561036,41.47994337,96.15997008,6.751765226,46.3189899,96,2170,2020_04_DEN_NYJ,11
2561036,39.64823621,94.15909415,6.456911974,45.50294609,97,2170,2020_04_DEN_NYJ,12
2561036,38.00557455,92.52184482,6.312345718,44.78657274,98,2170,2020_04_DEN_NYJ,13
2561036,34.99338067,89.89944982,6.178230081,43.73010457,99,2170,2020_04_DEN_NYJ,14
2561036,32.77075049,88.01135361,6.015586524,43.0559057,100,2170,2020_04_DEN_NYJ,15
2561036,20.39353948,80.97801134,4.143789209,47.47700555,101,2170,2020_04_DEN_NYJ,16
2561036,19.86465127,87.78080716,4.041696611,53.11695176,102,2170,2020_04_DEN_NYJ,17
2561036,70.56708671,118.6374939,8.508292036,46.5144338,84,2194,2020_04_DEN_NYJ,1
2561036,70.56708671,118.4487003,8.508292036,46.32564024,85,2194,2020_04_DEN_NYJ,2
2561036,70.56708671,118.2948671,8.508292036,46.17180685,86,2194,2020_04_DEN_NYJ,3
2561036,70.56708671,118.0421618,8.508292036,45.91910143,87,2194,2020_04_DEN_NYJ,4
2561036,64.16108021,118.125855,10.06189156,55.89249896,88,2194,2020_04_DEN_NYJ,5
2561036,62.91285676,117.5441334,10.31272913,57.14847886,89,2194,2020_04_DEN_NYJ,6
2561036,61.22941086,116.0703988,10.62632763,58.09276607,90,2194,2020_04_DEN_NYJ,7
2561036,59.49407319,114.218047,10.92151466,58.65843113,91,2194,2020_04_DEN_NYJ,8
2561036,57.70193489,111.9228391,11.19839699,58.78124713,92,2194,2020_04_DEN_NYJ,9
2561036,56.05591569,109.0079102,11.42957891,58.01836037,93,2194,2020_04_DEN_NYJ,10
2561036,53.83911712,102.7563738,11.71426854,54.5717295,94,2194,2020_04_DEN_NYJ,11
2561036,52.91669538,96.3879114,11.66355687,49.12535932,95,2194,2020_04_DEN_NYJ,12
2561036,50.31464223,89.8916034,11.50973293,45.58558347,96,2194,2020_04_DEN_NYJ,13
2561036,47.21335203,85.56849754,11.28789816,44.21126083,97,2194,2020_04_DEN_NYJ,14
2561036,57.57095127,109.8014153,7.481387842,49.64756453,76,2225,2020_04_DEN_NYJ,1
2561036,57.3133347,108.6536046,7.223768835,48.49975146,77,2225,2020_04_DEN_NYJ,2
2561036,57.03081656,107.3878601,6.94124968,47.23400785,78,2225,2020_04_DEN_NYJ,3
2561036,56.73306517,106.1002748,6.643501007,45.95415589,79,2225,2020_04_DEN_NYJ,4
2561036,56.49734015,104.9786231,6.435954831,44.91593282,80,2225,2020_04_DEN_NYJ,5
2561036,53.68241928,102.3849702,6.450466154,44.70855977,81,2225,2020_04_DEN_NYJ,6
2561036,49.3567491,96.59704152,6.413929112,42.77926465,82,2225,2020_04_DEN_NYJ,7
2561036,47.26939509,93.81544163,6.377710925,41.91605718,83,2225,2020_04_DEN_NYJ,8
2561036,44.40802304,90.05145069,6.313670623,40.86705244,84,2225,2020_04_DEN_NYJ,9
2561036,41.40589117,86.11274045,6.231860918,39.95125092,85,2225,2020_04_DEN_NYJ,10
2561036,38.51667167,81.8523274,6.138480515,39.00276282,86,2225,2020_04_DEN_NYJ,11
2561036,35.76073514,77.19557218,6.040175409,37.98460131,87,2225,2020_04_DEN_NYJ,12
2561036,33.13225903,71.90868774,5.937174019,37.08708614,88,2225,2020_04_DEN_NYJ,13
2561036,30.49912805,65.67271128,5.828468989,36.38980833,89,2225,2020_04_DEN_NYJ,14
2561036,27.15897893,60.81163946,5.509615121,35.71512229,90,2225,2020_04_DEN_NYJ,15
2561036,23.04822811,56.83604173,4.832233518,34.5255549,91,2225,2020_04_DEN_NYJ,16
2561036,19.8735696,53.89332378,4.328427559,33.75493445,92,2225,2020_04_DEN_NYJ,17
2561036,17.00969346,51.40561086,3.898479035,33.23908843,93,2225,2020_04_DEN_NYJ,18
2561036,14.45219714,49.4419572,3.547300709,33.03340105,94,2225,2020_04_DEN_NYJ,19
2561036,12.21994247,47.87654547,3.279986428,33.05602251,95,2225,2020_04_DEN_NYJ,20
2561036,10.34369496,46.68936244,3.101119387,33.3551486,96,2225,2020_04_DEN_NYJ,21
2561036,8.840219642,45.86726601,3.01438766,33.90689327,97,2225,2020_04_DEN_NYJ,22
2561036,7.74994866,45.41690493,3.015943915,34.66095251,98,2225,2020_04_DEN_NYJ,23
2561036,6.874384258,45.27514847,3.117563282,35.63200232,99,2225,2020_04_DEN_NYJ,24
2561036,6.541479774,44.76523623,3.231370007,35.02772361,100,2225,2020_04_DEN_NYJ,25
2561036,6.308047833,44.57165355,3.362182014,34.65412611,101,2225,2020_04_DEN_NYJ,26
2561036,6.178860936,44.79118962,3.3797299,33.03439456,102,2225,2020_04_DEN_NYJ,27
2561036,6.276611049,45.77321648,3.294257918,32.4201668,103,2225,2020_04_DEN_NYJ,28
2561036,6.459539814,47.73456371,3.175483517,32.53555238,104,2225,2020_04_DEN_NYJ,29
2561036,12.42546179,55.99305867,2.893618936,39.70758711,71,2253,2020_04_DEN_NYJ,1
2561036,12.17856275,80.78344283,2.767014159,64.77054208,72,2253,2020_04_DEN_NYJ,2
2561036,11.41286288,81.69606584,2.598633924,66.40531436,73,2253,2020_04_DEN_NYJ,3
2561036,10.61965991,83.49167085,2.434273459,68.94284396,74,2253,2020_04_DEN_NYJ,4
2561036,62.75647543,116.2341617,9.622092104,56.08030992,86,2295,2020_04_DEN_NYJ,1
2561036,62.53209393,116.1640506,9.48193727,56.01019878,87,2295,2020_04_DEN_NYJ,2
2561036,61.97693407,115.7453384,9.380908071,55.91792159,88,2295,2020_04_DEN_NYJ,3
2561036,59.73556769,113.525575,9.164397495,55.28196602,89,2295,2020_04_DEN_NYJ,4
2561036,57.83828422,111.3486434,9.010806327,54.44703962,90,2295,2020_04_DEN_NYJ,5
2561036,56.04512468,109.1447335,8.888632269,53.51258962,91,2295,2020_04_DEN_NYJ,6
2561036,54.35558333,107.0449173,8.792544721,52.60970128,92,2295,2020_04_DEN_NYJ,7
2561036,52.63340044,104.9409012,8.712348024,51.72679044,93,2295,2020_04_DEN_NYJ,8
2561036,50.95119618,102.9264,8.650137691,50.90920828,94,2295,2020_04_DEN_NYJ,9
2561036,49.24042538,100.9296472,8.602422594,50.13356341,95,2295,2020_04_DEN_NYJ,10
2561036,47.56701239,99.03778045,8.570222751,49.43862125,96,2295,2020_04_DEN_NYJ,11
2561036,45.80229739,97.17005165,8.548100084,48.82867574,97,2295,2020_04_DEN_NYJ,12
2561036,42.09195628,94.79263717,8.387028158,48.89005321,98,2295,2020_04_DEN_NYJ,13
2561036,38.63821956,91.83039268,8.24896661,48.36659717,99,2295,2020_04_DEN_NYJ,14
2561036,34.45213311,87.80733771,8.097984678,47.58713033,100,2295,2020_04_DEN_NYJ,15
2561036,32.51036681,85.74473471,8.034975131,47.15851852,101,2295,2020_04_DEN_NYJ,16
2561036,29.80797159,82.61616451,7.955984194,46.46873306,102,2295,2020_04_DEN_NYJ,17
2561036,27.32597899,79.41083379,7.893870465,45.70219576,103,2295,2020_04_DEN_NYJ,18
2561036,25.04809239,76.07953615,7.847436569,44.80968404,104,2295,2020_04_DEN_NYJ,19
2561036,22.95797559,72.46455133,7.815616713,43.63349168,105,2295,2020_04_DEN_NYJ,20
2561036,20.72979591,66.6683992,7.795641501,40.69072246,106,2295,2020_04_DEN_NYJ,21
2561036,19.48250595,61.11467517,7.792035273,36.8685389,107,2295,2020_04_DEN_NYJ,22
2561036,18.88243987,65.15502873,7.490349666,40.90889262,108,2295,2020_04_DEN_NYJ,23
2562718,53.12164839,104.0743111,10.55459847,55.88969172,85,2442,2020_04_DEN_NYJ,1
2562718,52.00328375,102.3931867,10.10626175,54.2085665,86,2442,2020_04_DEN_NYJ,2
2562718,50.67071663,100.4836288,9.593688331,52.29900804,87,2442,2020_04_DEN_NYJ,3
2562718,49.61803722,99.03850666,9.203859539,50.85388796,88,2442,2020_04_DEN_NYJ,4
2562718,48.38289956,97.40453237,8.761722193,49.22056704,89,2442,2020_04_DEN_NYJ,5
2562718,46.37345519,93.08244834,8.077040588,45.83945669,90,2442,2020_04_DEN_NYJ,6
2562718,45.03115631,89.65459168,7.938516517,44.65243774,91,2442,2020_04_DEN_NYJ,7
2562718,41.36634608,85.24336313,7.775126165,43.83629311,92,2442,2020_04_DEN_NYJ,8
2562718,37.50576897,80.69473427,7.618505182,43.15858329,93,2442,2020_04_DEN_NYJ,9
2562718,33.97678935,76.61223137,7.485932222,42.70757749,94,2442,2020_04_DEN_NYJ,10
2562718,31.96541944,74.30578406,7.415821113,42.51749823,95,2442,2020_04_DEN_NYJ,11
2562718,28.77894205,70.50060671,7.313946995,42.32339434,96,2442,2020_04_DEN_NYJ,12
2562718,26.26536774,65.88423869,7.241969379,42.61221359,97,2442,2020_04_DEN_NYJ,13
2562718,23.44037114,64.85477281,7.171425683,47.33173557,98,2442,2020_04_DEN_NYJ,14
2562718,21.01866328,68.74358126,6.992478295,53.61648189,99,2442,2020_04_DEN_NYJ,15
2562718,19.42247121,70.43402698,6.971799581,55.84029853,100,2442,2020_04_DEN_NYJ,16
2562718,17.48032146,69.16232601,6.512299151,52.86912826,101,2442,2020_04_DEN_NYJ,17
2562718,15.71396241,68.12417082,6.001207372,51.52701875,102,2442,2020_04_DEN_NYJ,18
2562718,59.63130549,108.6517492,9.990498224,53.51528443,85,2466,2020_04_DEN_NYJ,1
2562718,57.45294829,106.7149718,9.800371997,52.78752114,86,2466,2020_04_DEN_NYJ,2
2562718,55.2881979,104.6562756,9.621933313,51.92574551,87,2466,2020_04_DEN_NYJ,3
2562718,53.09363412,102.5957613,9.449581557,51.07424557,88,2466,2020_04_DEN_NYJ,4
2562718,50.89080436,100.2200438,9.283344515,50.2949116,89,2466,2020_04_DEN_NYJ,5
2562718,48.55552139,96.16015086,9.119219814,49.82486937,90,2466,2020_04_DEN_NYJ,6
2562718,46.06091112,94.14422655,8.936127337,49.95877184,91,2466,2020_04_DEN_NYJ,7
2562718,43.58459907,91.31085705,8.778235904,49.69742487,92,2466,2020_04_DEN_NYJ,8
2562718,41.26722774,88.75548843,8.66605063,49.55757247,93,2466,2020_04_DEN_NYJ,9
2562718,39.12422248,86.384409,8.611966177,49.56877438,94,2466,2020_04_DEN_NYJ,10
2562718,36.52895479,82.88750496,8.658266045,49.23828914,95,2466,2020_04_DEN_NYJ,11
2562718,35.04004723,80.47872255,8.792657766,48.85475138,96,2466,2020_04_DEN_NYJ,12
2562718,33.40604091,77.57812421,9.095506372,48.38090148,97,2466,2020_04_DEN_NYJ,13
2562718,31.89927889,74.78743443,9.586704782,47.76772445,98,2466,2020_04_DEN_NYJ,14
2562718,30.47521968,71.83261614,10.27107229,47.09395896,99,2466,2020_04_DEN_NYJ,15
2562718,29.09480765,69.01610112,10.94275261,46.57616034,100,2466,2020_04_DEN_NYJ,16
2562718,26.44472999,59.71505152,9.575724326,42.84604643,101,2466,2020_04_DEN_NYJ,17
2562718,23.82346917,56.87631796,7.975253875,41.02810228,102,2466,2020_04_DEN_NYJ,18
2562718,20.57603992,54.19980032,6.212079858,39.83584005,103,2466,2020_04_DEN_NYJ,19
2562718,17.2533296,52.07087699,4.703176567,39.52072334,104,2466,2020_04_DEN_NYJ,20
2562718,13.77928373,50.18035596,3.477384562,39.87845703,105,2466,2020_04_DEN_NYJ,21
2562718,10.45223576,48.76763677,2.851470367,41.16687188,106,2466,2020_04_DEN_NYJ,22
2561036,59.0666773,109.6491193,7.95903358,49.49527948,85,2638,2020_04_DEN_NYJ,1
2561036,55.15796936,106.9378241,7.871290512,49.55016416,86,2638,2020_04_DEN_NYJ,2
2561036,49.27015889,101.1104387,7.21375855,46.53253023,87,2638,2020_04_DEN_NYJ,3
2561036,41.47931394,93.59219941,6.48530005,42.5010945,88,2638,2020_04_DEN_NYJ,4
2561036,34.63075923,86.44182232,5.878279757,38.75276382,89,2638,2020_04_DEN_NYJ,5
2561036,28.50363516,79.16534508,5.320320546,35.65410178,90,2638,2020_04_DEN_NYJ,6
2561036,23.25742009,72.27466165,4.818512625,33.84882802,91,2638,2020_04_DEN_NYJ,7
2561036,18.19083971,64.40752805,4.332252087,32.93194948,92,2638,2020_04_DEN_NYJ,8
2561036,15.23008125,55.49891476,3.892180382,31.60134687,93,2638,2020_04_DEN_NYJ,9
2562718,71.01134359,117.3327437,7.934439333,45.20964763,91,2694,2020_04_DEN_NYJ,1
2562718,71.00519003,117.215621,7.928288204,45.09252523,92,2694,2020_04_DEN_NYJ,2
2562718,71.00063293,117.1016941,7.923731102,44.97859764,93,2694,2020_04_DEN_NYJ,3
2562718,70.9967155,116.9705686,7.919813675,44.84747279,94,2694,2020_04_DEN_NYJ,4
2562718,70.37292056,116.7423324,7.932360826,44.98193584,95,2694,2020_04_DEN_NYJ,5
2562718,68.47599488,116.1388953,7.985367463,45.49079138,96,2694,2020_04_DEN_NYJ,6
2562718,66.42946472,115.3711261,8.052519466,45.93204131,97,2694,2020_04_DEN_NYJ,7
2562718,64.39800355,114.5138093,8.125347966,46.28373935,98,2694,2020_04_DEN_NYJ,8
2562718,62.3601267,113.5577601,8.200899816,46.54878818,99,2694,2020_04_DEN_NYJ,9
2562718,60.35437986,112.4669529,8.274461806,46.66699955,100,2694,2020_04_DEN_NYJ,10
2562718,58.40239169,111.0105298,8.343940822,46.41959025,101,2694,2020_04_DEN_NYJ,11
2562718,56.62670492,108.9093909,8.406766707,45.60737596,102,2694,2020_04_DEN_NYJ,12
2562718,55.02260217,106.0125562,8.459378065,44.62160977,103,2694,2020_04_DEN_NYJ,13
2562718,53.41656561,101.5544637,8.475327039,43.77014786,104,2694,2020_04_DEN_NYJ,14
2562718,50.93073723,98.14854572,8.364466366,43.60525501,105,2694,2020_04_DEN_NYJ,15
2562718,47.14487376,95.57313406,8.033780418,44.09740424,106,2694,2020_04_DEN_NYJ,16
2562718,44.02793331,93.23544825,7.722875944,44.36480842,107,2694,2020_04_DEN_NYJ,17
2562718,41.02145688,90.65520174,7.395322983,44.372356,108,2694,2020_04_DEN_NYJ,18
2562718,38.14302886,87.95082681,7.059199788,44.21996289,109,2694,2020_04_DEN_NYJ,19
2562718,35.38861571,85.1444282,6.713019486,43.92391456,110,2694,2020_04_DEN_NYJ,20
2562718,32.74842698,82.18929052,6.354869776,43.43759668,111,2694,2020_04_DEN_NYJ,21
2562718,30.23362809,79.26791432,5.982221512,42.96524361,112,2694,2020_04_DEN_NYJ,22
2562718,27.74616519,76.25041154,5.567135581,42.68529437,113,2694,2020_04_DEN_NYJ,23
2562718,58.49482791,112.7088923,8.535298741,52.55510028,86,2754,2020_04_DEN_NYJ,1
2562718,58.25914257,112.4026308,8.299616208,52.24883885,87,2754,2020_04_DEN_NYJ,2
2562718,57.99759847,112.0954864,8.0380729,51.94169444,88,2754,2020_04_DEN_NYJ,3
2562718,57.71009307,111.7540527,7.750565337,51.60026067,89,2754,2020_04_DEN_NYJ,4
2562718,57.39557741,111.4179733,7.439370302,51.26418136,90,2754,2020_04_DEN_NYJ,5
2562718,56.97669612,111.014274,7.057010433,50.86048197,91,2754,2020_04_DEN_NYJ,6
2562718,56.69735183,110.7683136,6.823356171,50.61452172,92,2754,2020_04_DEN_NYJ,7
2562718,56.24349123,110.1227169,6.478280921,49.96892489,93,2754,2020_04_DEN_NYJ,8
2562718,55.49703589,108.1571387,6.42262751,49.67177865,94,2754,2020_04_DEN_NYJ,9
2562718,52.43784279,105.3733287,6.366311392,49.30598712,95,2754,2020_04_DEN_NYJ,10
2562718,49.23155711,101.959256,6.319072511,48.30993008,96,2754,2020_04_DEN_NYJ,11
2562718,45.96543755,97.3116908,6.281154917,46.0803788,97,2754,2020_04_DEN_NYJ,12
2562718,42.91606049,92.41707203,6.252899954,43.60377203,98,2754,2020_04_DEN_NYJ,13
2562718,40.0882517,87.65991677,6.234708746,41.26463777,99,2754,2020_04_DEN_NYJ,14
2562718,37.45836414,83.06629665,6.225728927,39.08903282,100,2754,2020_04_DEN_NYJ,15
2562718,34.97634799,78.57372417,6.220144328,37.03865285,101,2754,2020_04_DEN_NYJ,16
2562718,31.96317497,73.10176089,6.216300768,34.7947848,102,2754,2020_04_DEN_NYJ,17
2562718,30.17750642,71.22717946,6.223988511,34.91866276,103,2754,2020_04_DEN_NYJ,18
2562718,28.15035984,69.04670992,5.902387324,34.05524755,104,2754,2020_04_DEN_NYJ,19
2562718,26.0020522,67.4953756,5.566569609,34.03918392,105,2754,2020_04_DEN_NYJ,20
2562718,24.25713138,66.44510393,5.299219991,34.35041552,106,2754,2020_04_DEN_NYJ,21
2562718,22.37144058,65.4993533,5.01751655,35.00239536,107,2754,2020_04_DEN_NYJ,22
2562718,20.57379558,64.51940643,4.757695248,35.71325986,108,2754,2020_04_DEN_NYJ,23
2562718,56.86205901,112.1556854,8.957406146,52.00180953,98,2820,2020_04_DEN_NYJ,1
2562718,56.88155095,111.235725,8.848747807,51.08184818,99,2820,2020_04_DEN_NYJ,2
2562718,56.90979252,110.2088895,8.73219627,50.05501251,100,2820,2020_04_DEN_NYJ,3
2562718,56.93564333,109.0511737,8.59624008,48.89729676,101,2820,2020_04_DEN_NYJ,4
2562718,56.97893991,107.7610792,8.460379909,47.60720312,102,2820,2020_04_DEN_NYJ,5
2562718,57.0552668,106.3018891,8.339948485,46.22094716,103,2820,2020_04_DEN_NYJ,6
2562718,57.12935244,104.7387478,8.234639666,44.85228261,104,2820,2020_04_DEN_NYJ,7
2562718,56.65873032,101.8342736,8.226225527,42.66282244,105,2820,2020_04_DEN_NYJ,8
2562718,55.95902779,100.2998903,8.209286962,42.11702225,106,2820,2020_04_DEN_NYJ,9
2562718,54.6043063,98.05999395,7.99324725,41.615401,107,2820,2020_04_DEN_NYJ,10
2562718,53.25263423,96.22338927,7.613859149,41.31662083,108,2820,2020_04_DEN_NYJ,11
2562718,51.96732989,94.81589398,7.250858987,41.38576491,109,2820,2020_04_DEN_NYJ,12
2562718,50.53579336,93.47397432,6.964008849,41.87370218,110,2820,2020_04_DEN_NYJ,13
2562718,49.23848636,92.53338439,6.750559887,42.64464476,111,2820,2020_04_DEN_NYJ,14
2562718,47.84070045,91.72104856,6.659609071,43.51990504,112,2820,2020_04_DEN_NYJ,15
2562718,46.23293298,90.97712904,6.818393411,44.14797975,113,2820,2020_04_DEN_NYJ,16
2562718,43.69658485,91.48516289,7.087045206,44.55155347,114,2820,2020_04_DEN_NYJ,17
2562718,45.69368129,91.48643919,7.820721476,45.11020994,115,2820,2020_04_DEN_NYJ,18
2562718,43.02691829,90.63604892,8.887308766,46.49711301,116,2820,2020_04_DEN_NYJ,19
2562718,40.76738789,89.98288409,9.899718361,47.84812452,117,2820,2020_04_DEN_NYJ,20
2562718,37.84689187,89.22559763,10.82714337,49.85489063,118,2820,2020_04_DEN_NYJ,21
2562718,35.80314216,88.72872151,11.17412674,51.34035822,119,2820,2020_04_DEN_NYJ,22
2562718,33.336123,88.05467217,11.44362719,53.11364677,120,2820,2020_04_DEN_NYJ,23
2562718,25.60434098,85.86966883,11.40970998,59.05380343,121,2820,2020_04_DEN_NYJ,24
2562718,24.47332589,85.57850876,11.2981162,60.01078076,122,2820,2020_04_DEN_NYJ,25
2562718,22.40552413,84.19053047,10.80813238,60.40379447,123,2820,2020_04_DEN_NYJ,26
2562718,19.6762427,81.84412005,9.644755567,59.44775001,124,2820,2020_04_DEN_NYJ,27
2562718,17.63051958,79.31945331,8.686543889,57.95074131,125,2820,2020_04_DEN_NYJ,28
2562718,58.07027809,115.4262181,12.43596714,67.24159609,88,2844,2020_04_DEN_NYJ,1
2562718,58.07027809,115.1972817,12.43596714,67.0126596,89,2844,2020_04_DEN_NYJ,2
2562718,57.54041641,114.6312192,12.39361532,66.8092991,90,2844,2020_04_DEN_NYJ,3
2562718,55.53567861,113.6626337,12.2610077,67.21899191,91,2844,2020_04_DEN_NYJ,4
2562718,52.93627467,112.3870117,12.15044738,67.74480065,92,2844,2020_04_DEN_NYJ,5
2562718,51.49710704,111.6397719,12.11596106,68.00103989,93,2844,2020_04_DEN_NYJ,6
2562718,49.76840124,110.6995978,12.09537656,68.26987808,94,2844,2020_04_DEN_NYJ,7
2562718,48.04421897,109.6513676,12.09535932,68.4306657,95,2844,2020_04_DEN_NYJ,8
2562718,46.32372547,108.7661595,12.11419353,68.75447195,96,2844,2020_04_DEN_NYJ,9
2562718,44.60591169,108.1463568,12.15032126,69.34368329,97,2844,2020_04_DEN_NYJ,10
2562718,42.91389787,106.0232493,12.16876214,68.42958945,98,2844,2020_04_DEN_NYJ,11
2562718,40.76410055,105.2337093,12.17792396,69.39074995,99,2844,2020_04_DEN_NYJ,12
2562718,38.13744304,103.8987747,12.22640211,70.5064827,100,2844,2020_04_DEN_NYJ,13
2562718,35.57600238,102.4497952,12.230385,71.53293291,101,2844,2020_04_DEN_NYJ,14
2562718,33.1063414,100.6434504,12.20474939,72.2020104,102,2844,2020_04_DEN_NYJ,15
2562718,30.72178091,97.86150311,12.15687866,71.89549222,103,2844,2020_04_DEN_NYJ,16
2562718,28.33968557,94.47933696,12.09091904,71.11252257,104,2844,2020_04_DEN_NYJ,17
2562718,26.29605623,91.76940381,12.01814982,70.75424385,105,2844,2020_04_DEN_NYJ,18
2562718,24.24444126,89.18781054,11.92879159,70.64807466,106,2844,2020_04_DEN_NYJ,19
2562718,21.95591819,86.42452884,11.80910445,70.78104094,107,2844,2020_04_DEN_NYJ,20
2562718,20.34499503,84.57087229,11.68159085,70.98863637,108,2844,2020_04_DEN_NYJ,21
2562718,19.14183926,83.60422321,10.84968264,70.17571478,109,2844,2020_04_DEN_NYJ,22
2562718,18.19502777,83.12359668,10.18241423,69.82098221,110,2844,2020_04_DEN_NYJ,23
2562718,17.17202018,82.50382484,9.447230994,69.3416822,111,2844,2020_04_DEN_NYJ,24
2562718,16.23209142,82.31159894,8.761204112,69.28197548,112,2844,2020_04_DEN_NYJ,25
2562718,15.30901998,83.27037342,8.122408416,71.06410234,113,2844,2020_04_DEN_NYJ,26
2562718,14.39416169,79.11321149,7.546107321,68.59738837,114,2844,2020_04_DEN_NYJ,27
2562718,13.44906172,76.77123537,7.013298357,66.5917054,115,2844,2020_04_DEN_NYJ,28
2562718,55.45220924,107.822175,10.00683869,56.37321899,100,2889,2020_04_DEN_NYJ,1
2562718,54.06699304,106.5659619,9.998307232,56.3260256,101,2889,2020_04_DEN_NYJ,2
2562718,52.64006012,105.4946644,9.971399128,56.45164842,102,2889,2020_04_DEN_NYJ,3
2562718,51.03285857,103.4943224,9.972248822,55.8900344,103,2889,2020_04_DEN_NYJ,4
2562718,48.6990773,101.7045551,10.05649518,56.51829723,104,2889,2020_04_DEN_NYJ,5
2562718,46.34444122,100.0348161,10.11988331,57.26658607,105,2889,2020_04_DEN_NYJ,6
2562718,43.99249153,98.52253231,10.16178131,58.14814827,106,2889,2020_04_DEN_NYJ,7
2562718,41.57229549,97.13669309,10.1837885,59.20451323,107,2889,2020_04_DEN_NYJ,8
2562718,39.15669198,95.91486765,10.18505098,60.40072142,108,2889,2020_04_DEN_NYJ,9
2562718,36.36485538,94.66981087,10.15954561,61.96057704,109,2889,2020_04_DEN_NYJ,10
2562718,34.35671267,93.83554863,10.12050147,63.15745289,110,2889,2020_04_DEN_NYJ,11
2562718,31.58820745,92.24602803,10.02412906,64.37284777,111,2889,2020_04_DEN_NYJ,12
2562718,29.02572272,82.04415168,9.840180814,60.83804571,112,2889,2020_04_DEN_NYJ,13
2562718,27.62278424,85.27489035,9.71263115,65.33062156,113,2889,2020_04_DEN_NYJ,14
2562718,25.71400096,84.79996595,9.253946578,66.06455681,114,2889,2020_04_DEN_NYJ,15
2562718,23.86798264,84.66795019,8.795210667,67.12380308,115,2889,2020_04_DEN_NYJ,16
2562718,22.07326038,84.84560222,8.337419894,68.48513658,116,2889,2020_04_DEN_NYJ,17
2562718,20.38449152,85.31647837,7.896360473,70.0414984,117,2889,2020_04_DEN_NYJ,18
2562718,18.78142507,86.12306592,7.467385111,71.81134604,118,2889,2020_04_DEN_NYJ,19
2562718,17.27517938,87.26882434,7.05288649,73.79430161,119,2889,2020_04_DEN_NYJ,20
2562718,15.82974335,88.52041649,6.640824845,75.99932514,120,2889,2020_04_DEN_NYJ,21
2562718,61.11074147,111.3356638,8.466862986,51.18181126,88,2911,2020_04_DEN_NYJ,1
2562718,60.59276908,110.8433543,8.315866088,50.68950197,89,2911,2020_04_DEN_NYJ,2
2562718,60.04144021,110.3317431,8.165970844,50.17789071,90,2911,2020_04_DEN_NYJ,3
2562718,59.50587537,109.8662214,8.030681661,49.71236996,91,2911,2020_04_DEN_NYJ,4
2562718,59.02520048,109.4744126,7.91757241,49.3205607,92,2911,2020_04_DEN_NYJ,5
2562718,56.6643029,107.5486544,8.077897231,50.11508279,93,2911,2020_04_DEN_NYJ,6
2562718,53.41888115,104.804381,8.313938515,51.03412216,94,2911,2020_04_DEN_NYJ,7
2562718,50.16931696,101.9866343,8.568280221,51.8071457,95,2911,2020_04_DEN_NYJ,8
2562718,46.85702332,99.43576996,8.845968188,52.84705389,96,2911,2020_04_DEN_NYJ,9
2562718,43.30254403,97.04710853,9.173060852,54.38668873,97,2911,2020_04_DEN_NYJ,10
2562718,40.33531709,95.46835508,9.484135821,56.48445228,98,2911,2020_04_DEN_NYJ,11
2562718,37.36099929,94.78077897,9.836341777,60.11402512,99,2911,2020_04_DEN_NYJ,12
2562718,34.47667638,91.09381006,10.22220994,61.49645157,100,2911,2020_04_DEN_NYJ,13
2562718,30.89526155,84.30261096,10.7720808,61.22927346,101,2911,2020_04_DEN_NYJ,14
2562718,29.17832529,79.99859916,11.06733117,60.19960452,102,2911,2020_04_DEN_NYJ,15
2562718,26.75164634,77.53862202,10.56429584,60.91737541,103,2911,2020_04_DEN_NYJ,16
2562718,25.01217452,77.48608139,10.03965804,62.11893206,104,2911,2020_04_DEN_NYJ,17
2562718,22.44535114,77.99471248,9.286097251,64.63074986,105,2911,2020_04_DEN_NYJ,18
2562718,20.56662707,81.13248557,8.755922797,69.20574021,106,2911,2020_04_DEN_NYJ,19
2562718,13.56937028,102.728504,6.684362753,90.83364802,107,2911,2020_04_DEN_NYJ,20
2562718,12.84028255,101.4639888,6.486665922,90.113707,108,2911,2020_04_DEN_NYJ,21
2562718,12.03712367,100.5734467,6.405328737,90.27044155,109,2911,2020_04_DEN_NYJ,22
2562718,10.98087104,101.4877105,6.226322012,92.28217523,110,2911,2020_04_DEN_NYJ,23
2562718,9.909563233,101.3791373,5.984994888,93.28838607,111,2911,2020_04_DEN_NYJ,24
2562718,8.878571302,101.074531,5.687894925,94.04788075,112,2911,2020_04_DEN_NYJ,25
2562718,7.851513616,100.8429532,5.330461671,94.87189541,113,2911,2020_04_DEN_NYJ,26
2562718,6.90284529,100.7271776,4.973757525,95.78128433,114,2911,2020_04_DEN_NYJ,27
2562718,54.28772018,104.3927772,8.014884647,48.5913705,95,2978,2020_04_DEN_NYJ,1
2562718,52.94218648,102.8894569,7.989169335,48.29706412,96,2978,2020_04_DEN_NYJ,2
2562718,51.58372706,101.6610437,7.940615158,48.27766369,97,2978,2020_04_DEN_NYJ,3
2562718,50.2116991,100.586897,7.868700495,48.41252907,98,2978,2020_04_DEN_NYJ,4
2562718,48.82007129,98.90381691,7.767525702,47.93846111,99,2978,2020_04_DEN_NYJ,5
2562718,47.12341396,97.09719801,7.581383519,47.55848424,100,2978,2020_04_DEN_NYJ,6
2562718,44.19635545,94.84679485,7.272668884,47.23224674,101,2978,2020_04_DEN_NYJ,7
2562718,41.29101881,93.26928104,7.052493344,47.29935866,102,2978,2020_04_DEN_NYJ,8
2562718,37.22749852,90.89399807,6.736200923,47.37874013,103,2978,2020_04_DEN_NYJ,9
2562718,32.98556991,88.11229509,6.381207645,47.46899109,104,2978,2020_04_DEN_NYJ,10
2562718,29.81496541,85.70992933,6.095415253,47.52129283,105,2978,2020_04_DEN_NYJ,11
2562718,26.9865797,83.29222424,5.824661982,47.55825296,106,2978,2020_04_DEN_NYJ,12
2562718,24.4375927,80.88978178,5.567661578,47.61047114,107,2978,2020_04_DEN_NYJ,13
2561036,66.32960676,116.3139221,10.01554042,56.16008227,90,3038,2020_04_DEN_NYJ,1
2561036,65.14263848,116.0223952,9.584324299,55.86855556,91,3038,2020_04_DEN_NYJ,2
2561036,63.72145956,115.5224544,9.10580311,55.36861478,92,3038,2020_04_DEN_NYJ,3
2561036,62.47772802,114.9994271,8.714666007,54.84558742,93,3038,2020_04_DEN_NYJ,4
2561036,61.21848757,114.408337,8.340027258,54.2544973,94,3038,2020_04_DEN_NYJ,5
2561036,59.91719064,113.7354512,7.971880166,53.58161121,95,3038,2020_04_DEN_NYJ,6
2561036,58.56268418,112.9845443,7.60944487,52.83070465,96,3038,2020_04_DEN_NYJ,7
2561036,56.21903141,111.429882,7.443954169,52.9686653,97,3038,2020_04_DEN_NYJ,8
2561036,53.42717842,108.5554524,7.346597889,52.51226024,98,3038,2020_04_DEN_NYJ,9
2561036,50.52794226,105.3094748,7.249897624,51.70848657,99,3038,2020_04_DEN_NYJ,10
2561036,47.60922281,101.9149386,7.170062077,50.70779448,100,3038,2020_04_DEN_NYJ,11
2561036,44.70327971,98.40449318,7.104109193,49.61537391,101,3038,2020_04_DEN_NYJ,12
2561036,41.85420316,95.03024734,7.052753209,48.65915207,102,3038,2020_04_DEN_NYJ,13
2561036,39.03323543,91.87424969,7.016007872,47.92117868,103,3038,2020_04_DEN_NYJ,14
2561036,36.21397557,88.9682571,6.994040294,47.43321032,104,3038,2020_04_DEN_NYJ,15
2561036,32.59435326,84.51870755,6.988362346,46.65696868,105,3038,2020_04_DEN_NYJ,16
2561036,30.39334425,80.55557518,6.955483024,46.16543324,106,3038,2020_04_DEN_NYJ,17
2561036,29.02306708,76.50088398,6.616264839,45.04701748,107,3038,2020_04_DEN_NYJ,18
2561036,26.8740292,74.15450487,6.194897682,44.1853462,108,3038,2020_04_DEN_NYJ,19
2561036,24.84379767,72.15642771,5.782182138,43.63842347,109,3038,2020_04_DEN_NYJ,20
2561036,22.93017296,70.68447749,5.380536204,43.58269214,110,3038,2020_04_DEN_NYJ,21
2561036,21.02704313,69.94891825,4.970018342,44.30752975,111,3038,2020_04_DEN_NYJ,22
2561036,19.44623098,70.49729755,4.622401726,46.11172915,112,3038,2020_04_DEN_NYJ,23
2561036,17.87490089,72.46549757,4.274127908,49.36656922,113,3038,2020_04_DEN_NYJ,24
2561036,41.24260871,115.6174819,7.440870936,55.46364759,57,3085,2020_04_DEN_NYJ,1
2561036,41.25652521,115.3858835,7.438399757,55.49803157,58,3085,2020_04_DEN_NYJ,2
2561036,41.2792017,114.996721,7.441428153,56.31788003,59,3085,2020_04_DEN_NYJ,3
2561036,41.24172422,114.4079445,7.46553153,56.93811476,60,3085,2020_04_DEN_NYJ,4
2561036,41.15146623,113.6592968,7.508004932,57.39847276,61,3085,2020_04_DEN_NYJ,5
2561036,41.01455016,112.786452,7.566576813,57.73464001,62,3085,2020_04_DEN_NYJ,6
2561036,40.83606849,111.789518,7.639310192,57.94671798,63,3085,2020_04_DEN_NYJ,7
2561036,40.62031982,110.7071916,7.724556777,58.07340357,64,3085,2020_04_DEN_NYJ,8
2561036,40.37358214,109.5168037,7.819884563,58.07993814,65,3085,2020_04_DEN_NYJ,9
2561036,40.09392194,108.1591874,7.925992923,57.93132744,66,3085,2020_04_DEN_NYJ,10
2561036,39.78309912,106.6331737,8.042099821,57.6264202,67,3085,2020_04_DEN_NYJ,11
2561036,39.10107255,104.5307089,8.059861496,56.74480744,68,3085,2020_04_DEN_NYJ,12
2561036,38.08785583,100.5494281,7.939833451,53.98341661,69,3085,2020_04_DEN_NYJ,13
2561036,36.76967391,95.49060674,7.689009464,50.40878088,70,3085,2020_04_DEN_NYJ,14
2561036,35.38774881,89.49398256,7.360336653,47.53258756,71,3085,2020_04_DEN_NYJ,15
2561036,33.49841811,83.19130528,6.907686699,45.03122012,72,3085,2020_04_DEN_NYJ,16
2561036,31.42138509,77.85890511,6.31210557,43.03003491,73,3085,2020_04_DEN_NYJ,17
2561036,28.9699869,72.58539841,5.487163615,41.49522226,74,3085,2020_04_DEN_NYJ,18
2561036,26.88145539,70.44178422,5.088566613,41.01990167,75,3085,2020_04_DEN_NYJ,19
2561036,23.70126927,67.28013847,4.466057013,40.42611208,76,3085,2020_04_DEN_NYJ,20
2561036,21.17691925,64.87942162,3.952525184,40.08543547,77,3085,2020_04_DEN_NYJ,21
2561036,19.56008911,64.52224539,3.87291934,41.17388247,78,3085,2020_04_DEN_NYJ,22
2561036,18.13031175,64.30442869,3.719413705,42.15360324,79,3085,2020_04_DEN_NYJ,23
2561036,16.46277104,64.31610964,3.430178284,43.39657846,80,3085,2020_04_DEN_NYJ,24
2561036,39.70391399,114.3340182,6.680183934,54.18017791,93,3109,2020_04_DEN_NYJ,1
2561036,39.00573403,113.336447,6.376333673,53.18260709,94,3109,2020_04_DEN_NYJ,2
2561036,38.32493555,112.2859639,6.096509812,52.13212358,95,3109,2020_04_DEN_NYJ,3
2561036,37.61904422,111.12935,5.820888459,50.97550915,96,3109,2020_04_DEN_NYJ,4
2561036,36.76256135,109.6584971,5.502984185,49.50465725,97,3109,2020_04_DEN_NYJ,5
2561036,36.16820423,108.6397207,5.291245676,48.48588011,98,3109,2020_04_DEN_NYJ,6
2561036,35.40514969,107.3879694,5.028196778,47.23412973,99,3109,2020_04_DEN_NYJ,7
2561036,34.65503605,106.2230744,4.777578501,46.06923449,100,3109,2020_04_DEN_NYJ,8
2561036,34.60757808,104.3376684,4.501916295,45.75554064,101,3109,2020_04_DEN_NYJ,9
2561036,35.32978099,100.4745832,4.402127831,44.60065081,102,3109,2020_04_DEN_NYJ,10
2561036,36.1125916,97.84410607,4.468347945,43.88041647,103,3109,2020_04_DEN_NYJ,11
2561036,37.52496545,94.65286545,4.724105949,43.10720116,104,3109,2020_04_DEN_NYJ,12
2561036,38.87729454,91.63248601,5.174695181,42.52903332,105,3109,2020_04_DEN_NYJ,13
2561036,37.44106107,88.4301427,6.00809327,42.56684768,106,3109,2020_04_DEN_NYJ,14
2561036,35.90847645,87.69058782,6.191433788,43.47154783,107,3109,2020_04_DEN_NYJ,15
2561036,32.46223342,88.42360291,6.227703389,47.78495069,108,3109,2020_04_DEN_NYJ,16
2561036,31.32397647,88.96904505,6.24099065,49.60035311,109,3109,2020_04_DEN_NYJ,17
2561036,29.02868814,91.12104175,6.276478149,54.48705622,110,3109,2020_04_DEN_NYJ,18
2561036,68.56793686,115.889569,10.96439916,55.73574133,87,3175,2020_04_DEN_NYJ,1
2561036,68.5639733,115.8571407,10.96043559,55.7033128,88,3175,2020_04_DEN_NYJ,2
2561036,67.86640135,115.7765926,10.83525874,56.10637463,89,3175,2020_04_DEN_NYJ,3
2561036,66.14881424,115.089668,10.56276706,56.62846427,90,3175,2020_04_DEN_NYJ,4
2561036,63.85215542,113.7162403,10.220117,56.8630246,91,3175,2020_04_DEN_NYJ,5
2561036,62.69029552,112.8352177,10.05689461,56.79203761,92,3175,2020_04_DEN_NYJ,6
2561036,60.95027879,111.3295797,9.82581211,56.49541199,93,3175,2020_04_DEN_NYJ,7
2561036,59.18568044,109.6697435,9.608438229,56.05668364,94,3175,2020_04_DEN_NYJ,8
2561036,57.44887339,107.9125377,9.411819882,55.49640351,95,3175,2020_04_DEN_NYJ,9
2561036,55.38673292,105.7085513,9.20157234,54.70696309,96,3175,2020_04_DEN_NYJ,10
2561036,53.61547779,103.6739563,9.041868149,53.8813822,97,3175,2020_04_DEN_NYJ,11
2561036,51.83549336,101.4221895,8.901572781,52.83862947,98,3175,2020_04_DEN_NYJ,12
2561036,50.51113306,99.87566386,8.929009961,52.5373861,99,3175,2020_04_DEN_NYJ,13
2561036,48.37972561,98.48992688,9.097944095,53.56966688,100,3175,2020_04_DEN_NYJ,14
2561036,46.19962244,96.77214405,9.222320252,54.26990805,101,3175,2020_04_DEN_NYJ,15
2561036,43.96190014,94.79965149,9.293639155,54.71543917,102,3175,2020_04_DEN_NYJ,16
2561036,41.62562532,92.34749255,9.305410794,54.70548217,103,3175,2020_04_DEN_NYJ,17
2561036,38.41540553,88.64746738,9.319164789,54.1972439,104,3175,2020_04_DEN_NYJ,18
2561036,36.73979929,86.555935,9.332274788,53.7499631,105,3175,2020_04_DEN_NYJ,19
2561036,34.31761971,83.23824464,9.358131706,52.85029658,106,3175,2020_04_DEN_NYJ,20
2561036,31.96847853,79.56392233,9.390415026,51.56981974,107,3175,2020_04_DEN_NYJ,21
2561036,29.64426513,74.94361671,9.428514818,49.8551892,108,3175,2020_04_DEN_NYJ,22
2561036,28.26958929,68.09010695,9.393573882,47.38350495,109,3175,2020_04_DEN_NYJ,23
2561036,27.91870257,64.998845,8.721766811,43.81635955,110,3175,2020_04_DEN_NYJ,24
2561036,27.64862562,63.81735879,8.008893201,41.30792991,111,3175,2020_04_DEN_NYJ,25
2561036,27.24864148,63.27323327,7.358011868,39.26716439,112,3175,2020_04_DEN_NYJ,26
2561036,26.29087899,62.88922972,6.623624873,37.0429899,113,3175,2020_04_DEN_NYJ,27
2561036,25.21909272,62.66574362,6.035269651,35.29805239,114,3175,2020_04_DEN_NYJ,28
2561036,24.00357618,62.51044008,5.411163516,33.58743159,115,3175,2020_04_DEN_NYJ,29
2561036,22.72661399,62.43108239,4.79313083,31.98720465,116,3175,2020_04_DEN_NYJ,30
2561036,21.39394793,62.36149105,4.191057936,30.48956204,117,3175,2020_04_DEN_NYJ,31
